preset,x_h,phi_h,temperature_L,sound_speed_squared
cosh-calibration,0.10169434202180914,0.097181665523215582,15.760113447540085,0.33319635904527278
cosh-calibration,0.10255224830440081,0.098001070812612709,15.535746810283573,0.3331940421922755
cosh-calibration,0.10341739199248698,0.098827377707323763,15.314574930987398,0.33319168621857015
cosh-calibration,0.10428983414173233,0.09966064414987974,15.096552320901356,0.33318929046594731
cosh-calibration,0.10516963632287478,0.10050092856453041,14.881634138972933,0.33318685426648781
cosh-calibration,0.10605686062607077,0.10134828986101685,14.669776182622172,0.33318437693925934
cosh-calibration,0.10695156966527711,0.1022027874385997,14.460934878655813,0.33318185779122655
cosh-calibration,0.10785382658266984,0.10306448118994513,14.255067274301549,0.33317929612068248
cosh-calibration,0.10876369505310038,0.10393343150510294,14.052131028374532,0.33317669121093663
cosh-calibration,0.10968123928858918,0.10480969927547043,13.852084402572766,0.3331740423360442
cosh-calibration,0.11060652404285741,0.10569334589786228,13.654886252886174,0.33317134875646792
cosh-calibration,0.11153961461589679,0.10658443327853447,13.46049602114295,0.33316860972194901
cosh-calibration,0.11248057685857799,0.1074830238372827,13.268873726658143,0.33316582446763798
cosh-calibration,0.11342947717729791,0.10838918051155232,13.079979958023078,0.33316299221599294
cosh-calibration,0.11438638253866622,0.10930296676055157,12.89377586498772,0.33316011217903696
cosh-calibration,0.11535136047423129,0.11022444656948382,12.710223150479482,0.33315718355330709
cosh-calibration,0.11632447908524619,0.11115368445363429,12.52928406272053,0.33315420552213337
cosh-calibration,0.11730580704747474,0.11209074546276218,12.350921387469405,0.3331511772554126
cosh-calibration,0.11829541361603811,0.11303569518518956,12.175098440361314,0.33314809791196359
cosh-calibration,0.11929336863030246,0.11398859975219432,12.001779059366358,0.3331449666325656
cosh-calibration,0.1202997425188076,0.11494952584227608,11.830927597353508,0.33314178254400828
cosh-calibration,0.12131460630423736,0.11591854068556859,11.662508914757494,0.33313854476258598
cosh-calibration,0.12233803160843196,0.11689571206810861,11.49648837234934,0.33313525238664338
cosh-calibration,0.12337009065744239,0.11788110833635429,11.332831824117935,0.33313190449856045
cosh-calibration,0.12441085628662778,0.11887479840155267,11.171505610242608,0.33312850016792916
cosh-calibration,0.12546040194579547,0.11987685174421396,11.012476550172632,0.333125038447457
cosh-calibration,0.1265188017043847,0.12088733841861816,10.855711935802303,0.33312151837547699
cosh-calibration,0.12758613025669377,0.12190632905739859,10.701179524743429,0.33311793897489045
cosh-calibration,0.12866246292715147,0.12293389487595398,10.548847533694264,0.33311429925032554
cosh-calibration,0.12974787567563306,0.12397010767721232,10.398684631904475,0.33311059818866973
cosh-calibration,0.13084244510282084,0.12501503985610221,10.250659934730795,0.3331068347625939
cosh-calibration,0.13194624845561001,0.12606876440425391,10.104742997283385,0.33310300792851416
cosh-calibration,0.13305936363256049,0.12713135491470856,9.9609038081653072,0.33309911662500491
cosh-calibration,0.13418186918939412,0.12820288558667078,9.8191127832997847,0.33309515977139154
cosh-calibration,0.1353138443445388,0.12928343123005845,9.6793407598475074,0.33309113626680409
cosh-calibration,0.13645536898471902,0.13037306727043854,9.5415589902089177,0.33308704500000602
cosh-calibration,0.13760652367059373,0.13147186975386446,9.4057391361051987,0.3330828848355511
cosh-calibration,0.13876738964244184,0.1325799153514727,9.2718532627612813,0.33307865461696862
cosh-calibration,0.13993804882589536,0.13369728136470133,9.1398738331512881,0.33307435317744682
cosh-calibration,0.14111858383772133,0.13482404572980691,9.0097737023372613,0.33306997932303917
cosh-calibration,0.14230907799165227,0.13596028702304891,8.8815261118903912,0.33306553184127902
cosh-calibration,0.14350961530426581,0.13710608446554803,8.7551046843827347,0.33306100950218026
cosh-calibration,0.14472028050091398,0.1382615179282532,8.6304834179652286,0.33305641105567335
cosh-calibration,0.14594115902170263,0.13942666793706732,8.5076366810168924,0.33305173522952558
cosh-calibration,0.14717233702752106,0.14060161567772278,8.3865392068774334,0.33304698072848427
cosh-calibration,0.14841390140612265,0.14178644300095258,8.2671660886481231,0.33304214624024914
cosh-calibration,0.14966593977825693,0.14298123242771529,8.1494927740686762,0.33303723042869338
cosh-calibration,0.15092854050385299,0.1441860671540299,8.0334950604698641,0.33303223193516091
cosh-calibration,0.15220179268825551,0.14540103105647431,7.9191490897940335,0.33302714937968753
cosh-calibration,0.15348578618851302,0.14662620869713211,7.8064313436892805,0.3330219813596712
cosh-calibration,0.15478061161971945,0.14786168532900376,7.6953186386715391,0.33301672645001035
cosh-calibration,0.15608636036140913,0.14910754690114236,7.5857881213570844,0.33301138319974527
cosh-calibration,0.15740312456400557,0.15036388006394469,7.4778172637633666,0.33300595013641388
cosh-calibration,0.15873099715532496,0.15163077217465568,7.3713838586732239,0.33300042576349126
cosh-calibration,0.16007007184713412,0.15290831130239296,7.2664660150700335,0.33299480855814578
cosh-calibration,0.16142044314176429,0.15419658623381846,7.1630421536341684,0.332989096972714
cosh-calibration,0.16278220633878021,0.15549568647836035,7.0610910023059672,0.33298328943686967
cosh-calibration,0.16415545754170577,0.15680570227384483,6.9605915919080328,0.33297738435369789
cosh-calibration,0.16554029366480624,0.15812672459171964,6.8615232518358429,0.33297138009801525
cosh-calibration,0.16693681243992795,0.15945884514274672,6.7638656058045337,0.3329652750167848
cosh-calibration,0.16834511242339534,0.16080215638237841,6.6675985676607619,0.33295906743528147
cosh-calibration,0.16976529300296639,0.16215675151648784,6.5727023372460343,0.33295275564981353
cosh-calibration,0.17119745440484677,0.16352272450678404,6.479157396330943,0.33294633792600298
cosh-calibration,0.17264169770076307,0.16490017007652508,6.3869445045961557,0.33293981250236088
cosh-calibration,0.17409812481509565,0.16628918371610379,6.2960446956792948,0.33293317759058388
cosh-calibration,0.17556683853207181,0.16768986168870695,6.2064392732692539,0.33292643137160033
cosh-calibration,0.17704794250301956,0.16910230103609575,6.1181098072666913,0.33291957199872674
cosh-calibration,0.17854154125368252,0.17052659958440805,6.0310381299869231,0.3329125975920626
cosh-calibration,0.18004774019159669,0.17196285594939378,5.9452063324316162,0.33290550623979842
cosh-calibration,0.18156664561352936,0.1734111695428423,5.8605967605980949,0.33289829600947934
cosh-calibration,0.18309836471298069,0.17487164057828605,5.7771920118504809,0.33289096492434656
cosh-calibration,0.18464300558774871,0.17634437007621276,5.6949749313451452,0.3328835109802572
cosh-calibration,0.18620067724755809,0.17782945987070145,5.6139286084956082,0.33287593214681477
cosh-calibration,0.18777148962175333,0.1793270126148731,5.5340363734983447,0.3328682263511325
cosh-calibration,0.18935555356705669,0.1808371317869065,5.4552817939053222,0.3328603914919876
cosh-calibration,0.19095298087539173,0.1823599216959583,5.3776486712409328,0.33285242543469362
cosh-calibration,0.19256388428177268,0.18389548748799911,5.3011210376736599,0.33284432600896069
cosh-calibration,0.19418837747226067,0.18544393515241142,5.2256831527294292,0.3328360910089988
cosh-calibration,0.1958265750919867,0.18700537152676303,5.1513195000570926,0.33282771819132789
cosh-calibration,0.1974785927532425,0.18857990430410682,5.0780147842354015,0.33281920528002684
cosh-calibration,0.19914454704363982,0.19016764203816594,5.0057539276273477,0.33281054996425069
cosh-calibration,0.20082455553433803,0.19176869415027503,4.9345220672783867,0.33280174989188166
cosh-calibration,0.2025187367883417,0.19338317093423532,4.8643045518621939,0.33279280267061073
cosh-calibration,0.20422721036886779,0.19501118356356417,4.7950869386657908,0.33278370587712486
cosh-calibration,0.20595009684778362,0.19665284409709907,4.7268549906175847,0.3327744570457879
cosh-calibration,0.20768751781411607,0.19830826548524896,4.6595946733622853,0.33276505366927561
cosh-calibration,0.20943959588263228,0.19997756157620927,4.5932921523723955,0.33275549320359515
cosh-calibration,0.211206454702493,0.20166084712206697,4.5279337901035648,0.33274577306167336
cosh-calibration,0.21298821896597897,0.20335823778512338,4.4635061431900871,0.33273589061759368
cosh-calibration,0.21478501441729064,0.20506985014400361,4.3999959596787894,0.33272584319958959
cosh-calibration,0.21659696786142243,0.20679580170006634,4.3373901763062603,0.33271562809899252
cosh-calibration,0.21842420717311165,0.20853621088353153,4.275675915807339,0.33270524256065848
cosh-calibration,0.22026686130586298,0.21029119705969876,4.2148404842726981,0.33269468378143308
cosh-calibration,0.22212506030104914,0.21206088053554983,4.1548713685336871,0.33268394892346304
cosh-calibration,0.22399893529708828,0.21384538256565844,4.0957562335895847,0.33267303509646567
cosh-calibration,0.22588861853869874,0.2156448253588216,4.0374829200725681,0.3326619393658074
cosh-calibration,0.22779424338623194,0.21745933208420679,3.9800394417445299,0.33265065875195754
cosh-calibration,0.22971594432508408,0.21928902687781565,3.9234139830337149,0.33263919022760735
cosh-calibration,0.23165385697518706,0.22113403484873512,3.8675948966030824,0.33262753071854573
cosh-calibration,0.23360811810057969,0.22299448208558817,3.8125707009560621,0.3326156770988225
cosh-calibration,0.23557886561905933,0.22487049566289891,3.7583300780750255,0.3326036261965068
cosh-calibration,0.23756623861191534,0.22676220364734384,3.7048618710926124,0.33259137479019801
cosh-calibration,0.23957037733374437,0.2286697351043448,3.6521550819979103,0.33257891960470948
cosh-calibration,0.24159142322234842,0.23059322010432887,3.6001988693747373,0.3325662573155766
cosh-calibration,0.24362951890871673,0.2325327897290923,3.5489825461710227,0.33255338454702665
cosh-calibration,0.24568480822709146,0.23448857607834703,3.4984955775014663,0.33254029787051154
cosh-calibration,0.24775743622511859,0.23646071227600143,3.4487275784802209,0.33252699380154932
cosh-calibration,0.24984754917408428,0.23844933247660274,3.399668312086368,0.33251346880175819
cosh-calibration,0.25195529457923777,0.24045457187170832,3.3513076870570484,0.332499719282009
cosh-calibration,0.25408082119020109,0.24247656669632486,3.3036357558121732,0.33248574159064059
cosh-calibration,0.25622427901146683,0.24451545423531959,3.2566427124102839,0.33247153202511642
cosh-calibration,0.25838581931298443,0.24657137282976782,3.2103188905283893,0.33245708682292646
cosh-calibration,0.26056559464083562,0.24864446188332071,3.1646547614779781,0.33244240216270188
cosh-calibration,0.26276375882800018,0.25073486186872374,3.1196409322414356,0.3324274741674465
cosh-calibration,0.26498046700521216,0.25284271433399125,3.0752681435430289,0.33241229889316043
cosh-calibration,0.26721587561190824,0.25496816190884641,3.0315272679437153,0.33239687234488025
cosh-calibration,0.26947014240726763,0.25711134831126065,2.988409307962153,0.33238119046168141
cosh-calibration,0.27174342648134603,0.25927241835342618,2.9459053942271471,0.33236524911576187
cosh-calibration,0.27403588826630293,0.26145151794836585,2.9040067836517647,0.33234904412322497
cosh-calibration,0.27634768954772354,0.26364879411609171,2.8627048576350327,0.33233257123212595
cosh-calibration,0.27867899347603686,0.26586439498996289,2.821991120290503,0.33231582612706512
cosh-calibration,0.28102996457802931,0.26809846982288488,2.7818571966974401,0.33229880442926646
cosh-calibration,0.2834007687684561,0.27035116899367362,2.7422948311792434,0.33228150168880671
cosh-calibration,0.28579157336175021,0.27262264401313319,2.7032958856057405,0.33226391339094019
cosh-calibration,0.28820254708383025,0.27491304753036305,2.6648523377185596,0.33224603495184329
cosh-calibration,0.29063386008400788,0.27722253333876523,2.6269562794822137,0.33222786171856405
cosh-calibration,0.29308568394699586,0.27955125638235745,2.5895999154566307,0.332209388969195
cosh-calibration,0.29555819170501724,0.2818993727617663,2.5527755611946166,0.33219061190845367
cosh-calibration,0.29805155785001658,0.28426703974036854,2.5164756416611835,0.33217152567216812
cosh-calibration,0.30056595834597455,0.28665441575025197,2.4806926896751285,0.33215212532045896
cosh-calibration,0.3031015706413262,0.28906166039820225,2.4454193443743435,0.33213240584180587
cosh-calibration,0.3056585736814838,0.29148893447178192,2.4106483497003817,0.33211236214854489
cosh-calibration,0.30823714792146573,0.29393639994501713,2.3763725529079065,0.33209198907709153
cosh-calibration,0.31083747533863165,0.29640421998444455,2.3425849030918617,0.33207128138927644
cosh-calibration,0.31345973944552513,0.29889255895489886,2.3092784497385948,0.33205023376810944
cosh-calibration,0.31610412530282472,0.30140158242512499,2.2764463412953551,0.33202884081758371
cosh-calibration,0.31877081953240416,0.30393145717367609,2.2440818237622011,0.33200709706283599
cosh-calibration,0.32146001033050275,0.30648235119447692,2.2121782393017355,0.33198499695014411
cosh-calibration,0.32417188748100711,0.30905443370238345,2.1807290248706415,0.33196253484112287
cosh-calibration,0.32690664236884448,0.31164787513875636,2.1497277108696489,0.33193970501780945
cosh-calibration,0.32966446799348964,0.31426284717686875,2.1191679198126048,0.33191650167841014
cosh-calibration,0.33244555898258515,0.31689952272740235,2.0890433650152338,0.33189291893545197
cosh-calibration,0.33525011160567691,0.31955807594367885,2.0593478493019934,0.33186895081792228
cosh-calibration,0.33807832378806546,0.32223868222687652,2.0300752637313386,0.33184459126886334
cosh-calibration,0.34093039512477397,0.32494151823134965,2.0012195863393996,0.33181983414214061
cosh-calibration,0.34380652689463465,0.32766676186952398,1.9727748809016734,0.33179467320481609
cosh-calibration,0.346706922074493,0.33041459231712755,1.9447352957116413,0.33176910213470456
cosh-calibration,0.34963178535353301,0.33318519001785457,1.9170950623777172,0.33174311451829802
cosh-calibration,0.35258132314772223,0.33597873668828898,1.8898484946365792,0.33171670385265717
cosh-calibration,0.35555574361437947,0.33879541532271312,1.862989987183655,0.33168986354273966
cosh-calibration,0.35855525666686477,0.34163541019773719,1.836514014520277,0.3316625868994626
cosh-calibration,0.3615800739893939,0.34449890687668072,1.8104151298173912,0.3316348671382453
cosh-calibration,0.36463040905197713,0.34738609221411926,1.784687963795373,0.3316066973808906
cosh-calibration,0.36770647712548482,0.35029715436002196,1.7593272236194015,0.33157807065620576
cosh-calibration,0.37080849529683935,0.35323228276423368,1.7343276918107176,0.33154897989144788
cosh-calibration,0.37393668248433592,0.35619166818025999,1.70968422517438,0.33151941791498246
cosh-calibration,0.37709125945309191,0.3591755026695006,1.685391753740733,0.33148937746161189
cosh-calibration,0.38027244883062711,0.36218397960481535,1.6614452797225598,0.33145885116191448
cosh-calibration,0.38348047512257499,0.36521729367426459,1.6378398764879034,0.33142783154701461
cosh-calibration,0.38671556472852697,0.36827564088495024,1.6145706875458532,0.33139631104622508
cosh-calibration,0.38997794595801011,0.37135921856590354,1.591632925548617,0.33136428198419804
cosh-calibration,0.39326784904659901,0.37446822537190222,1.5690218713062469,0.33133173658480014
cosh-calibration,0.39658550617216481,0.37760286128632148,1.5467328728162413,0.33129866696502763
cosh-calibration,0.39993115147126046,0.38076332762397758,1.5247613443068504,0.33126506513629306
cosh-calibration,0.40330502105564431,0.38394982703414693,1.5031027652937987,0.33123092300632018
cosh-calibration,0.40670735302894323,0.3871625635032136,1.4817526796502707,0.33119623237109092
cosh-calibration,0.41013838750345633,0.39040174235710645,1.4607066946912266,0.33116098491837664
cosh-calibration,0.41359836661710031,0.3936675702633296,1.4399604802691115,0.33112517223129961
cosh-calibration,0.41708753455049785,0.39696025523344947,1.4195097678834925,0.33108878577958162
cosh-calibration,0.42060613754421011,0.40028000662494967,1.3993503498033204,0.3310518169205704
cosh-calibration,0.42415442391611469,0.40362703514261777,1.379478078201509,0.33101425690275738
cosh-calibration,0.42773264407893002,0.40700155284074646,1.3598888643014642,0.33097609686025831
cosh-calibration,0.43134105055788791,0.41040377312356524,1.340578677536709,0.33093732781368834
cosh-calibration,0.43497989800855474,0.41383391074735071,1.3215435447213264,0.33089794067111439
cosh-calibration,0.43864944323480326,0.41729218182050937,1.3027795492331455,0.33085792622243854
cosh-calibration,0.44234994520693621,0.4207788038048389,1.2842828302081939,0.33081727514333775
cosh-calibration,0.44608166507996239,0.42429399551549002,1.2660495817464268,0.33077597799471153
cosh-calibration,0.44984486621202707,0.42783797712175825,1.2480760521289509,0.33073402521690443
cosh-calibration,0.45363981418299815,0.4314109701464135,1.2303585430467556,0.33069140713387141
cosh-calibration,0.45746677681320863,0.43501319746607614,1.2128934088395342,0.33064811395118698
cosh-calibration,0.46132602418235763,0.43864488331034318,1.1956770557463616,0.33060413575547576
cosh-calibration,0.4652178286485707,0.4423062532609835,1.1787059411660414,0.33055946251252932
cosh-calibration,0.46914246486762073,0.44599753425101052,1.1619765729290819,0.33051408406555693
cosh-calibration,0.47310020981231149,0.44971895456336225,1.1454855085790681,0.33046799014111627
cosh-calibration,0.47709134279202409,0.45347074382932007,1.1292293546645664,0.33042117034441315
cosh-calibration,0.48111614547242876,0.45725313302644416,1.1132047660412534,0.33037361415225813
cosh-calibration,0.48517490189536289,0.4610663544767864,1.0974084451844457,0.3303253109213381
cosh-calibration,0.48926789849887653,0.46491064184359804,1.0818371415101196,0.3302762498930239
cosh-calibration,0.4933954241374473,0.46878623012971959,1.0664876507063841,0.33022642017773357
cosh-calibration,0.49755777010236552,0.47269335567335924,1.0513568140751417,0.33017581076198299
cosh-calibration,0.50175523014229151,0.47663225614546761,1.0364415178817592,0.33012441051173036
cosh-calibration,0.50598810048398646,0.48060317054506407,1.0217386927150036,0.33007220816660604
cosh-calibration,0.51025667985321765,0.48460633919624962,1.0072453128555972,0.33001919234124805
cosh-calibration,0.51456126949584058,0.48864200374263916,0.9929583956541016,0.32996535152934953
cosh-calibration,0.51890217319905885,0.49271040714351311,0.97887500091697144,0.32991067409886426
cosh-calibration,0.52327969731286317,0.49681179366777234,0.96499223030242509,0.32985514828778367
cosh-calibration,0.52769415077165138,0.50094640888880237,0.95130722672420531,0.32979876221429361
cosh-calibration,0.5321458451160308,0.50511449967876454,0.93781717376365092,0.32974150387508311
cosh-calibration,0.5366350945148044,0.50931631420168821,0.92451929509049768,0.32968336113437319
cosh-calibration,0.54116221578714307,0.51355210190702971,0.91141085389245602,0.32962432173360595
cosh-calibration,0.54572752842494399,0.51782211352251006,0.89848915231159632,0.32956437329690957
cosh-calibration,0.55033135461537819,0.52212660104683628,0.88575153088965608,0.3295035033173952
cosh-calibration,0.55497401926362822,0.52646581774108525,0.87319536802146103,0.3294416991672649
cosh-calibration,0.55965585001581808,0.53084001812078019,0.86081807941514843,0.32937894809371088
cosh-calibration,0.5643771772821351,0.53524945794660561,0.84861711756137648,0.32931523722174916
cosh-calibration,0.56913833426014926,0.53969439421565002,0.8365899712086291,0.32925055356008937
cosh-calibration,0.57393965695832661,0.54417508515145974,0.82473416484704731,0.32918488398728202
cosh-calibration,0.57878148421974351,0.54869179019325365,0.81304725819963453,0.32911821526330354
cosh-calibration,0.58366415774599889,0.55324476998556738,0.80152684571987498,0.32905053403324519
cosh-calibration,0.58858802212132932,0.55783428636742516,0.79017055609711284,0.3289818268182062
cosh-calibration,0.59355342483692775,0.56246060236001116,0.77897605176909102,0.32891208002116568
cosh-calibration,0.59856071631546637,0.567123982154349,0.76794102844097478,0.32884127993137963
cosh-calibration,0.60361024993582724,0.57182469109943634,0.75706321461141501,0.32876941271755955
cosh-calibration,0.60870238205804117,0.57656299568819713,0.74634037110571794,0.32869646443737971
cosh-calibration,0.61383747204843719,0.58133916354382853,0.7357702906147735,0.32862242103360739
cosh-calibration,0.61901588230500382,0.58615346340523145,0.72535079724174478,0.32854726833622472
cosh-calibration,0.62423797828296479,0.59100616511286852,0.71507974605397795,0.32847099206689617
cosh-calibration,0.62950412852057014,0.59589753959222458,0.70495502264233645,0.32839357783588774
cosh-calibration,0.63481470466510492,0.60082785883897594,0.69497454268606651,0.32831501115005635
cosh-calibration,0.64017008149911758,0.60579739590110016,0.68513625152420021,0.32823527740586866
cosh-calibration,0.64557063696686945,0.61080642486232961,0.67543812373327283,0.3281543618983081
cosh-calibration,0.65101675220100708,0.61585522082419475,0.66587816271040379,0.32807224982311955
cosh-calibration,0.65650881154945995,0.62094405988805312,0.65645440026294299,0.32798892627528137
cosh-calibration,0.66204720260256567,0.62607321913508773,0.64716489620357753,0.32790437625314661
cosh-calibration,0.66763231622042229,0.6312429766069394,0.63800773795146393,0.32781858465946107
cosh-calibration,0.67326454656047285,0.63645361128603684,0.62898104013884837,0.32773153630790119
cosh-calibration,0.67894429110532262,0.64170540307369872,0.6200829442232707,0.32764321592086199
cosh-calibration,0.68467195069078979,0.64699863276907288,0.61131161810556711,0.32755360813293405
cosh-calibration,0.69044792953419432,0.65233358204626435,0.60266525575300822,0.32746269749869944
cosh-calibration,0.6962726352628843,0.65771053343206554,0.59414207682783549,0.32737046849066598
cosh-calibration,0.70214647894300342,0.6631297702815333,0.58574032632133233,0.32727690550345739
cosh-calibration,0.70806987510850128,0.66859157675447189,0.57745827419281304,0.3271819928579105
cosh-calibration,0.71404324179038803,0.67409623778901973,0.56929421501400745,0.32708571480643334
cosh-calibration,0.72006700054623618,0.67964403907757087,0.56124646761815378,0.32698805553525279
cosh-calibration,0.72614157648993094,0.68523526703847026,0.55331337475452569,0.32688899916336939
cosh-calibration,0.73226739832167176,0.6908702087906391,0.54549330274767482,0.32678852975247219
cosh-calibration,0.73844489835822724,0.69654915212355306,0.53778464116143976,0.32668663131378489
cosh-calibration,0.74467451256344441,0.70227238547047344,0.5301858024677063,0.32658328780327506
cosh-calibration,0.75095668057901654,0.70804019787718486,0.522695221720336,0.32647848313158695
cosh-calibration,0.75729184575550934,0.71385287897342187,0.51531135623304358,0.32637220117182791
cosh-calibration,0.76368045518364991,0.71971071894068783,0.50803268526239953,0.32626442575414211
cosh-calibration,0.77012295972587907,0.72561400848074376,0.50085770969529531,0.32615514067930684
cosh-calibration,0.77661981404816982,0.73156303878326845,0.49378495174050291,0.32604432972553582
cosh-calibration,0.78317147665211495,0.7375581014924173,0.48681295462492069,0.32593197664520446
cosh-calibration,0.7897784099072841,0.74359948867250913,0.47994028229423719,0.32581806517370887
cosh-calibration,0.79644108008385495,0.74968749277309055,0.47316551911761195,0.3257025790395221
cosh-calibration,0.80315995738551926,0.75582240659366196,0.4664872695966224,0.32558550196457497
cosh-calibration,0.80993551598266633,0.76200452324648593,0.45990415807853557,0.32546681767497193
cosh-calibration,0.81676823404584664,0.76823413611924396,0.45341482847329928,0.32534650990298969
cosh-calibration,0.82365859377951745,0.77451153883756341,0.44701794397508887,0.32522456239079028
cosh-calibration,0.83060708145607387,0.78083702522511744,0.44071218678741603,0.32510095890666491
cosh-calibration,0.83761418745016614,0.78721088926426741,0.43449625785217677,0.32497568324598319
cosh-calibration,0.84468040627330665,0.79363342505515366,0.42836887658276629,0.32484871923619507
cosh-calibration,0.85180623660876953,0.80010492677454181,0.42232878060087164,0.32472005074646532
cosh-calibration,0.85899218134678357,0.80662568863285855,0.41637472547704779,0.32458966169369358
cosh-calibration,0.86623874762002295,0.81319600483157806,0.41050548447500629,0.32445753605526928
cosh-calibration,0.87354644683939719,0.81981616951907421,0.40471984829934737,0.32432365786681572
cosh-calibration,0.88091579473014225,0.82648647674549769,0.39901662484744738,0.32418801123795554
cosh-calibration,0.88834731136821776,0.83320722041718831,0.39339463896406041,0.32405058036219536
cosh-calibration,0.89584152121700911,0.83997869425038652,0.38785273220016564,0.32391134951400302
cosh-calibration,0.90339895316434127,0.84680119172363533,0.38238976257490431,0.32377030306925003
cosh-calibration,0.91102014055980318,0.85367500602902358,0.37700460434086108,0.32362742550945744
cosh-calibration,0.91870562125238864,0.86060043002466446,0.37169614775287996,0.32348270142531982
cosh-calibration,0.9264559376284528,0.86757775618347277,0.36646329884017775,0.32333611553591218
cosh-calibration,0.93427163664999069,0.87460727654193271,0.36130497918139992,0.32318765269050864
cosh-calibration,0.94215326989323755,0.88168928265072322,0.35622012568340072,0.3230372978796775
cosh-calibration,0.95010139358759549,0.88882406552081894,0.35120769036262645,0.32288503624816867
cosh-calibration,0.9581165686548877,0.89601191556936599,0.34626664013010039,0.32273085309690119
cosh-calibration,0.96619936074894452,0.90325312256885915,0.34139595657919936,0.32257473390217817
cosh-calibration,0.97435034029552336,0.91054797558901757,0.33659463577647258,0.32241666432056959
cosh-calibration,0.98257008253256517,0.91789676294372835,0.33186168805560606,0.32225663019937933
cosh-calibration,0.99085916755079084,0.92529977213151249,0.3271961378141745,0.32209461758828928
cosh-calibration,0.99921818033463927,0.93275728978348293,0.32259702331338047,0.32193061275081852
cosh-calibration,1.0076477108035522,0.94026960160032214,0.3180633964805798,0.32176460217272668
cosh-calibration,1.0161483538536058,0.94783699229652818,0.31359432271479204,0.32159657257396429
cosh-calibration,1.0247207093994948,0.95545974553988378,0.30918888069476319,0.3214265109223684
cosh-calibration,1.0333653824168694,0.96313814389269936,0.30484616218994176,0.32125440444259518
cosh-calibration,1.0420829829850311,0.97087246874910271,0.30056527187407245,0.32108024062487744
cosh-calibration,1.0508741263299872,0.97866300027524133,0.29634532714160233,0.32090400724059132
cosh-calibration,1.0597394328678689,0.9865100173444219,0.29218545792646528,0.32072569235686471
cosh-calibration,1.068679528248716,0.9944137974790801,0.28808480652360968,0.32054528433989549
cosh-calibration,1.0776950434006312,1.002374616782437,0.28404252741317082,0.32036277187217221
cosh-calibration,1.0867866145743057,1.0103927498762544,0.28005778708696388,0.32017814396578798
cosh-calibration,1.0959548833879222,1.0184684698369124,0.27612976387756721,0.31999138997142584
cosh-calibration,1.1052004968724352,1.0266020481281872,0.27225764778987266,0.31980249959188317
cosh-calibration,1.1145241075172334,1.0347937545371124,0.26844064033498338,0.31961146289498266
cosh-calibration,1.1239263733161884,1.0430438571060405,0.26467795436653968,0.31941827032516401
cosh-calibration,1.1334079578140912,1.0513526220669269,0.26096881391937626,0.31922291271570596
cosh-calibration,1.1429695301534801,1.0597203137729045,0.25731245405049724,0.31902538130547864
cosh-calibration,1.1526117651218641,1.0681471946305932,0.25370812068224519,0.31882566774467791
cosh-calibration,1.1623353431993451,1.0766335250322339,0.25015507044795282,0.31862376411072413
cosh-calibration,1.17214095060664,1.0851795632860466,0.24665257053951054,0.31841966292493795
cosh-calibration,1.1820292793535112,1.0937855655468953,0.24319989855733204,0.31821335715615917
cosh-calibration,1.1920010272876016,1.1024517857478213,0.23979634236244976,0.31800484024517545
cosh-calibration,1.2020568981436857,1.1111784755292995,0.23644119993051191,0.31779410610849979
cosh-calibration,1.2121976015933322,1.1199658841688429,0.23313377920829526,0.31758114914766816
cosh-calibration,1.2224238532949896,1.1288142585109326,0.22987339797192807,0.31736596428026231
cosh-calibration,1.2327363749444906,1.1377238428966641,0.22665938368710672,0.31714854693410821
cosh-calibration,1.2431358943259854,1.1466948790914504,0.22349107337176055,0.31692889306163718
cosh-calibration,1.253623145363302,1.1557276062157273,0.22036781346021159,0.31670699916409095
cosh-calibration,1.2641988681717433,1.1648222606724064,0.2172889596695172,0.31648286229625322
cosh-calibration,1.2748638091103179,1.1739790760761095,0.21425387686768121,0.31625648007542517
cosh-calibration,1.285618720834413,1.1831982831819334,0.21126193894386022,0.31602785069871636
cosh-calibration,1.2964643623489109,1.1924801098134341,0.20831252868025291,0.3157969729576981
cosh-calibration,1.3074014990617555,1.2018247807920872,0.20540503762596379,0.31556384624594896
cosh-calibration,1.3184309028379686,1.2112325178655527,0.2025388659726314,0.31532847056530727
cosh-calibration,1.3295533520541216,1.2207035396368167,0.19971342243200629,0.31509084655213249
cosh-calibration,1.34076963165327,1.2302380614924289,0.19692812411486924,0.31485097547922808
cosh-calibration,1.3520805332003467,1.23983629553248,0.1941823964122808,0.31460885926122661
cosh-calibration,1.363486854938027,1.2494984505004991,0.19147567287805123,0.31436450048195114
cosh-calibration,1.3749894018430615,1.2592247317110565,0.18880739511312908,0.31411790239207799
cosh-calibration,1.386588985683086,1.2690153409821139,0.18617701265164743,0.31386906892304844
cosh-calibration,1.3982864250739107,1.2788704765641077,0.18358398284855101,0.31361800469729645
cosh-calibration,1.4100825455372918,1.288790333070968,0.18102777076892709,0.31336471504195107
cosh-calibration,1.4219781795591908,1.2987751014120212,0.17850784907876888,0.3131092059948109
cosh-calibration,1.4339741666485262,1.3088249687230284,0.17602369793754824,0.31285148431104676
cosh-calibration,1.4460713533964189,1.3189401182992297,0.17357480489214622,0.31259155747782924
cosh-calibration,1.4582705935359397,1.329120729527179,0.17116066477241598,0.31232943371875399
cosh-calibration,1.4705727480023587,1.3393669778196897,0.16878077958821225,0.31206512200390496
cosh-calibration,1.4829786849939042,1.3496790345494176,0.16643465842791599,0.31179863206307362
cosh-calibration,1.4954892800330355,1.3600570669845919,0.16412181735834133,0.31152997438143837
cosh-calibration,1.5081054160282286,1.3705012382240045,0.16184177932634405,0.31125916021244332
cosh-calibration,1.5208279833362863,1.3810117071347008,0.15959407406150511,0.31098620158916651
cosh-calibration,1.5336578798251745,1.3915886282887151,0.15737823798049511,0.31071111132344909
cosh-calibration,1.5465960109373857,1.402232151902826,0.15519381409264224,0.31043390301471707
cosh-calibration,1.5596432897538397,1.4129424237769683,0.15304035190699145,0.31015459105268894
cosh-calibration,1.5728006370583218,1.4237195852360405,0.15091740734062409,0.30987319062755503
cosh-calibration,1.5860689814024655,1.4345637730707828,0.14882454262829342,0.30958971772644434
cosh-calibration,1.599449259171283,1.4454751194816724,0.14676132623347377,0.30930418914237984
cosh-calibration,1.6129424146492479,1.4564537520215426,0.14472733276053223,0.30901662247871453
cosh-calibration,1.6265494000869372,1.4674997935429548,0.14272214286828913,0.30872703614207297
cosh-calibration,1.6402711757682333,1.4786133621445758,0.14074534318482396,0.30843544935941369
cosh-calibration,1.6541087100780947,1.4897945711134226,0.13879652622337246,0.30814188216271576
cosh-calibration,1.6680629795708974,1.5010435288873181,0.13687529029969076,0.30784635539898275
cosh-calibration,1.6821349690393532,1.5123603389924276,0.13498123945030335,0.30754889073695835
cosh-calibration,1.6963256715840089,1.5237451000026057,0.1331139833521742,0.30724951064807487
cosh-calibration,1.7106360886833332,1.5351979054910381,0.13127313724346312,0.30694823841897745
cosh-calibration,1.725067230264393,1.5467188439869295,0.12945832184536163,0.30664509815061969
cosh-calibration,1.7396201147741273,1.5583079989315793,0.12766916328509548,0.3063401147463326
cosh-calibration,1.7542957692512218,1.5699654486374961,0.12590529302011125,0.3060333139188966
cosh-calibration,1.76909522939859,1.5816912662487941,0.12416634776316308,0.30572472217883206
cosh-calibration,1.7840195396564653,1.5934855197030968,0.12245196940875272,0.30541436682769585
cosh-calibration,1.7990697532761111,1.6053482716959435,0.12076180496037238,0.30510227596792083
cosh-calibration,1.814246932394151,1.6172795796459265,0.11909550645889151,0.30478847848150836
cosh-calibration,1.8295521481075265,1.6292794956627281,0.11745273091203492,0.30447300402841554
cosh-calibration,1.8449864805490885,1.6413480665163274,0.11583314022476013,0.30415588304210317
cosh-calibration,1.8605510189638244,1.6534853336082693,0.11423640113071648,0.30383714671676265
cosh-calibration,1.8762468617857293,1.6656913329453342,0.11266218512465334,0.3035168270032384
cosh-calibration,1.8920751167153267,1.6779660951145394,0.11111016839578247,0.30319495659893597
cosh-calibration,1.9080369007978404,1.6903096452603295,0.1095800317621138,0.3028715689331381
cosh-calibration,1.9241333405020289,1.7027220030643848,0.10807146060576263,0.30254669816073149
cosh-calibration,1.9403655717996831,1.7152031827262559,0.1065841448091014,0.30222037915031036
cosh-calibration,1.9567347402457949,1.7277531929478889,0.10511777869190082,0.30189264747345612
cosh-calibration,1.9732420010594025,1.7403720369171609,0.10367206094929186,0.30156353938767616
cosh-calibration,1.9898885192051174,1.753059712298253,0.10224669459071259,0.30123309182449048
cosh-calibration,2.0066754694753395,1.7658162112192795,0.10084138687961051,0.30090134237799721
cosh-calibration,2.0236040365731656,1.7786415202650969,0.099455849274100394,0.30056832928957933
cosh-calibration,2.0406754151959965,1.79153562047126,0.098089797368362222,0.3002340914293915
cosh-calibration,2.0578908101198508,1.8044984873200316,0.096742950835003089,0.2998986682831975
cosh-calibration,2.0752514362843906,1.81753009073945,0.095415033368076635,0.29956209993406102
cosh-calibration,2.0927585188786604,1.8306303951035254,0.094105772627078435,0.29922442704486407
cosh-calibration,2.110413293427555,1.8437993592349193,0.092814900181570376,0.29888569084730293
cosh-calibration,2.1282170058790122,1.857036936410444,0.091542151456685983,0.2985459331104609
cosh-calibration,2.1461709126919444,1.8703430743679579,0.090287265679413073,0.29820519613161539
cosh-calibration,2.1642762809249088,1.8837177153152247,0.089049985825544076,0.29786352271728339
cosh-calibration,2.1825343883255286,1.8971607959433345,0.087830058567444039,0.29752095615732738
cosh-calibration,2.2009465234206678,1.910672247437573,0.086627234222541427,0.29717754020721493
cosh-calibration,2.2195139856073633,1.9242519954971617,0.085441266702508747,0.29683331906885169
cosh-calibration,2.2382380852445314,1.9378999603496005,0.084271913463179762,0.2964883373653377
cosh-calibration,2.25712014374544,1.9516160567735321,0.083118935455174792,0.29614264012135316
cosh-calibration,2.276161493670966,1.9654001941194776,0.081982097075171165,0.29579627274186504
cosh-calibration,2.2953634788236381,1.9792522763365434,0.080861166117887712,0.29544928098734857
cosh-calibration,2.3147274543424721,1.9931722019966536,0.079755913728720124,0.29510171095125798
cosh-calibration,2.3342547867986072,2.0071598643246897,0.078666114357045833,0.29475360903558673
cosh-calibration,2.3539468542917499,2.0212151512289109,0.077591545710157445,0.29440502193054041
cosh-calibration,2.3738050465474276,2.0353379453340872,0.076531988707827028,0.29405599658645387
cosh-calibration,2.3938307650150694,2.0495281240159673,0.07548722743752892,0.29370658018965473
cosh-calibration,2.4140254229669069,2.0637855594381511,0.07445704911024989,0.29335682014161341
cosh-calibration,2.4343904455977152,2.0781101185917619,0.073441244016894169,0.29300676403231224
cosh-calibration,2.4549272701253915,2.0925016633338642,0.072439605485321301,0.29265645960847775
cosh-calibration,2.4756373458923844,2.1069600504330412,0.071451929837973396,0.29230595476188886
cosh-calibration,2.4965221344679782,2.1214851316119128,0.070478016349982048,0.29195529749606136
cosh-calibration,2.5175831097514396,2.1360767535936298,0.069517667208009531,0.29160453589425434
cosh-calibration,2.5388217580760357,2.150734758150068,0.068570687469521385,0.29125371810651296
cosh-calibration,2.560239578313928,2.1654589821522126,0.067636885022647544,0.29090289231893923
cosh-calibration,2.5818380819819517,2.1802492576205319,0.066716070546593537,0.29055210672544218
cosh-calibration,2.6036187933482902,2.1951054117785449,0.065808057472597534,0.29020140950557555
cosh-calibration,2.6255832495400435,2.2100272671084658,0.064912661945365088,0.28985084879849937
cosh-calibration,2.6477330006517104,2.2250146414049925,0.064029702785091888,0.28950047267510665
cosh-calibration,2.6700696098545826,2.2400673478363529,0.063159001449929905,0.2891503291128551
cosh-calibration,2.6925946535070606,2.255185195000649,0.062300381999016947,0.28880046597487447
cosh-calibration,2.7153097212659043,2.270367986988747,0.061453671055923788,0.28845093098248487
cosh-calibration,2.738216416198417,2.2856155234445268,0.060618697772673168,0.28810177168586315
cosh-calibration,2.7613163548955812,2.3009275996286385,0.059795293794185224,0.28775303544498976
cosh-calibration,2.7846111675861436,2.3163040064848173,0.058983293223198452,0.2874047694007586
cosh-calibration,2.808102498251666,2.331744530702585,0.058182532585695897,0.28705702045623893
cosh-calibration,2.831792004742546,2.347248954786664,0.057392850796714405,0.28670983524566857
cosh-calibration,2.8556813588950165,2.3628170571248641,0.056614089126701593,0.2863632601155674
cosh-calibration,2.8797722466491305,2.3784486120556161,0.055846091168219709,0.28601734110103333
cosh-calibration,2.904066368167745,2.3941433899388778,0.055088702803178895,0.28567212390007712
cosh-calibration,2.9285654379565043,2.4099011572276638,0.054341772170417857,0.28532765385318493
cosh-calibration,2.9532711849848381,2.4257216765395757,0.053605149633782379,0.28498397591736191
cosh-calibration,2.9781853528079805,2.4416047067293833,0.052878687750576921,0.28464113465111213
cosh-calibration,3.0033096996900173,2.457550002962416,0.052162241240443261,0.2842991741861351
cosh-calibration,3.028645998727971,2.4735573167892344,0.051455666954655178,0.28395813820910182
cosh-calibration,3.0541960379769351,2.4896263962197014,0.050758823845800362,0.28361806994349537
cosh-calibration,3.0799616205762606,2.5057569857998492,0.050071572937860825,0.28327901212467776
cosh-calibration,3.1059445648768085,2.5219488266856285,0.049393777296706957,0.28294100698280833
cosh-calibration,3.1321467045692781,2.5382016567216605,0.048725302000933723,0.28260409622503119
cosh-calibration,3.1585698888136138,2.5545152105174491,0.048066014113113835,0.28226832101476329
cosh-calibration,3.1852159823695056,2.5708892195236537,0.047415782651415543,0.28193372195747818
cosh-calibration,3.2120868657279931,2.5873234121111599,0.046774478561563131,0.2816003390775092
cosh-calibration,3.2391844352441734,2.6038175136483779,0.046141974689220627,0.28126821180385481
cosh-calibration,3.2665106032710347,2.6203712465795688,0.045518145752671671,0.28093737895903548
cosh-calibration,3.2940672982944168,2.6369843305024228,0.044902868315887606,0.28060787873612608
cosh-calibration,3.3218564650691076,2.6536564822479698,0.04429602076194683,0.28027974868811167
cosh-calibration,3.3498800647560922,2.6703874159571797,0.043697483266786082,0.27995302571208758
cosh-calibration,3.3781400750609576,2.6871768431614895,0.04310713777330169,0.27962774603594837
cosh-calibration,3.4066384903734623,2.7040244728598708,0.042524867965783468,0.27930394520554774
cosh-calibration,3.4353773219082901,2.7209300115978379,0.041950559244689774,0.27898165807127667
cosh-calibration,3.4643585978469846,2.7378931635458654,0.0413840987017342,0.2786609187782243
cosh-calibration,3.4935843634810841,2.7549136305763047,0.040825375095316419,0.27834176075611244
cosh-calibration,3.5230566813564645,2.7719911123442604,0.040274278826241384,0.27802421670500227
cosh-calibration,3.5527776314188979,2.7891253063609627,0.039730701913807828,0.2777083185853565
cosh-calibration,3.5827493111608417,2.8063159080754052,0.039194537972155413,0.2773940976147784
cosh-calibration,3.6129738357694641,2.8235626109486609,0.03866568218694557,0.27708158425419022
cosh-calibration,3.643453338275918,2.8408651065313308,0.038144031292352651,0.27677080820174266
cosh-calibration,3.6741899697058757,2.8582230845401577,0.037629483548338227,0.27646179838921087
cosh-calibration,3.7051858992313349,2.8756362329327745,0.03712193871823042,0.27615458296641843
cosh-calibration,3.7364433143236995,2.8931042379843017,0.0366212980466252,0.27584918930495445
cosh-calibration,3.7679644209081586,2.9106267843615901,0.036127464237510093,0.27554564399053555
cosh-calibration,3.7997514435193644,2.9282035551969585,0.035640341432759522,0.2752439728144126
cosh-calibration,3.8318066254584231,2.9458342321624094,0.035159835190846679,0.27494420077405313
cosh-calibration,3.8641322289512128,2.9635184955424436,0.034685852465880747,0.27464635206681964
cosh-calibration,3.8967305353080324,2.9812560243061914,0.034218301586894019,0.27435045009193326
cosh-calibration,3.9296038450846034,2.9990464961795222,0.033757092237412786,0.2740565174462895
cosh-calibration,3.9627544782444248,3.0168895877153648,0.033302135435302894,0.27376457591629128
cosh-calibration,3.9961847743224999,3.0347849743654933,0.032853343512898432,0.27347464648720887
cosh-calibration,4.0298970925904438,3.0527323305475735,0.032410630097353427,0.27318674934206749
cosh-calibration,4.0638938122229851,3.0707313297151511,0.031973910091304389,0.2729009038533432
cosh-calibration,4.0981773324658688,3.0887816444267573,0.031543099653761335,0.27261712859376941
cosh-calibration,4.1327500728051811,3.1068829464108552,0.0311181161812672,0.27233544133226484
cosh-calibration,4.1676144731380953,3.1250349066328948,0.030698878289319064,0.27205585903892432
cosh-calibration,4.2027729939450671,3.1432371953609968,0.030285305794020369,0.27177839788309716
cosh-calibration,4.2382281164634739,3.1614894822302806,0.029877319694015372,0.27150307324259476
cosh-calibration,4.273982342862725,3.1797914363064423,0.029474842152620515,0.27122989970509881
cosh-calibration,4.3100381964208427,3.1981427261481787,0.029077796480263093,0.2709588910709872
cosh-calibration,4.3463982217025494,3.2165430198697278,0.028686107117090732,0.27069006035908771
cosh-calibration,4.3830649847388266,3.2349919852000415,0.02829969961589246,0.27042341980773182
cosh-calibration,4.4200410732080213,3.2534892895456831,0.027918500625195967,0.27015898089216062
cosh-calibration,4.4573290966184596,3.2720346000456897,0.027542437872622814,0.26989675431667998
cosh-calibration,4.4949316864926088,3.2906275836340586,0.027171440148489202,0.26963675002607856
cosh-calibration,4.5328514965527917,3.3092679070931195,0.026805437289609053,0.26937897721771398
cosh-calibration,4.5710912029084678,3.32795523711146,0.026444360163338378,0.26912344434283103
cosh-calibration,4.6096535042450908,3.3466892403387511,0.026088140651838065,0.26887015911532858
cosh-calibration,4.6485411220145672,3.3654695834395905,0.025736711636568127,0.26861912852042874
cosh-calibration,4.6877568006273131,3.3842959331467606,0.02539000698298825,0.26837035882015325
cosh-calibration,4.7273033076459381,3.4031679563130792,0.025047961525490488,0.26812385556797041
cosh-calibration,4.7671834339805583,3.4220853199629881,0.024710511052524232,0.26787962361669554
cosh-calibration,4.807399994085757,3.4410476913426939,0.024377592291956792,0.26763766711986536
cosh-calibration,4.8479558261592146,3.4600547379684219,0.024049142896638322,0.26739798954906646
cosh-calibration,4.8888537923420028,3.4791061276762014,0.023725101430163549,0.26716059370397488
cosh-calibration,4.930096778920575,3.4982015286670389,0.023405407352850988,0.26692548171676655
cosh-calibration,4.9716876965304637,3.5173406095560193,0.023090001007925673,0.2666926550700367
cosh-calibration,5.0136294803616863,3.5365230394128102,0.022778823607890953,0.26646211459939584
cosh-calibration,5.0559250903658945,3.5557484878117211,0.022471817221122795,0.26623386050952202
cosh-calibration,5.0985775114652654,3.5750166248700324,0.022168924758630557,0.26600789238534933
cosh-calibration,5.1415897537631556,3.594327121293861,0.02187008996104399,0.26578420919754331
cosh-calibration,5.1849648527565328,3.6136796484160558,0.021575257385771159,0.26556280932402415
cosh-calibration,5.2287058695501987,3.6330738782394763,0.021284372394351141,0.26534369054855028
cosh-calibration,5.2728158910728213,3.6525094834756247,0.020997381140010686,0.26512685008145775
cosh-calibration,5.317298030294789,3.6719861375823393,0.020714230555382008,0.2649122845740044
cosh-calibration,5.3621554264478988,3.6915035148015298,0.020434868340423237,0.2646999901200533
cosh-calibration,5.4073912452469042,3.7110612901968518,0.020159242950517322,0.26448996227264754
cosh-calibration,5.4530086791129255,3.7306591396878139,0.019887303584750781,0.26428219606156456
cosh-calibration,5.4990109473987507,3.7502967400865197,0.019619000174360975,0.26407668599590772
cosh-calibration,5.5454012966160358,3.7699737691288795,0.019354283371384971,0.26387342608256437
cosh-calibration,5.5921830006644138,3.78968990550996,0.019093104537446046,0.26367240984048468
cosh-calibration,5.6393593610625503,3.8094448289149878,0.018835415732744772,0.26347363030187121
cosh-calibration,5.6869337071811383,3.8292382200514119,0.01858116970520602,0.26327708003708616
cosh-calibration,5.7349093964778612,3.8490697606785957,0.018330319879785565,0.26308275116242513
cosh-calibration,5.7832898147343377,3.8689391336363008,0.01808282034796475,0.26289063534801727
cosh-calibration,5.8320783762950672,3.8888460228763706,0.017838625857385725,0.26270072383747961
cosh-calibration,5.8812785243083896,3.9087901134873824,0.01759769180166236,0.26251300745701822
cosh-calibration,5.9308937309694789,3.9287710917228131,0.017359974210348822,0.26232747662273442
cosh-calibration,5.9809274977653839,3.9487886450292202,0.017125429739064779,0.26214412135916682
cosh-calibration,6.0313833557221397,3.9688424620681393,0.016894015659774511,0.26196293131592518
cosh-calibration,6.0822648656539613,3.9889322327435743,0.016665689851218399,0.2617838957662556
cosh-calibration,6.1335756184145422,4.0090576482243607,0.016440410789511251,0.26160700362717976
cosh-calibration,6.1853192351504696,4.0292184009683689,0.016218137538866119,0.26143224347444194
cosh-calibration,6.2374993675567802,4.0494141847438678,0.01599882974248687,0.26125960355045091
cosh-calibration,6.2901196981346681,4.0696446946517302,0.015782447613594364,0.26108907177306223
cosh-calibration,6.3431839404513743,4.0899096271462909,0.015568951926608685,0.26092063575098495
cosh-calibration,6.3966958394022591,4.1102086800561262,0.015358304008457975,0.26075428279930263
cosh-calibration,6.4506591714750918,4.1305415526013691,0.01515046573004244,0.26058999994383497
cosh-calibration,6.5050777450165693,4.1509079454159501,0.014945399497825848,0.26042777393749483
cosh-calibration,6.5599554005010798,4.1713075605610568,0.014743068245568784,0.26026759126521515
cosh-calibration,6.6152960108017398,4.1917401015520239,0.014543435426203394,0.26010943816233856
cosh-calibration,6.6711034814637085,4.2122052733601292,0.014346465003820358,0.25995330062320282
cosh-calibration,6.7273817509798182,4.2327027824422725,0.014152121445813218,0.25979916441463041
cosh-calibration,6.7841347910685208,4.2532323367504308,0.013960369715121473,0.25964701508023302
cosh-calibration,6.841366606954189,4.2737936457477064,0.013771175262637684,0.25949683794710687
cosh-calibration,6.899081237649769,4.2943864204230939,0.013584504019708909,0.25934861815578375
cosh-calibration,6.957282756241832,4.3150103733048342,0.013400322390769506,0.25920234065886072
cosh-calibration,7.0159752701780196,4.3356652184712381,0.013218597246105463,0.2590579902198939
cosh-calibration,7.0751629215569194,4.3563506715688467,0.013039295914733597,0.25891555143835271
cosh-calibration,7.1348498874203843,4.3770664498198446,0.01286238617739055,0.25877500876220016
cosh-calibration,7.1950403800483187,4.3978122720335975,0.01268783625964981,0.25863634648290484
cosh-calibration,7.2557386472559502,4.418587858620767,0.01251561482514961,0.25849954875303499
cosh-calibration,7.3169489726936137,4.439392931601601,0.012345690968929346,0.25836459960069996
cosh-calibration,7.3786756761490544,4.4602272146143447,0.012178034210883645,0.25823148292921233
cosh-calibration,7.4409231138522944,4.4810904329277585,0.012012614489322311,0.25810018252783345
cosh-calibration,7.5036956787830587,4.5019823134486883,0.011849402154639168,0.25797068208825191
cosh-calibration,7.5669978009808032,4.5229025847293025,0.011688367963083545,0.25784296520683092
cosh-calibration,7.630833947857357,4.5438509769765965,0.011529483070643394,0.2577170153890993
cosh-calibration,7.6952086245121958,4.5648272220595016,0.011372719027026464,0.25759281606474882
cosh-calibration,7.7601263740503823,4.5858310535155917,0.011218047769741078,0.25747035059988505
cosh-calibration,7.8255917779031874,4.6068622065569347,0.011065441618277088,0.25734960229212983
cosh-calibration,7.8916094561514125,4.6279204180784346,0.010914873268393056,0.2572305543858095
cosh-calibration,7.9581840678514428,4.649005426660322,0.010766315786483849,0.25711319008147626
cosh-calibration,8.0253203113640499,4.6701169725772544,0.010619742604058438,0.25699749253959764
cosh-calibration,8.09302292468597,4.6912547977986128,0.010475127512300302,0.25688344488909126
cosh-calibration,8.1612966857842757,4.7124186459974036,0.010332444656727157,0.25677103023194914
cosh-calibration,8.2301464129335731,4.7336082625517308,0.010191668531931854,0.2566602316544816
cosh-calibration,8.2995769650560369,4.7548233945481178,0.010052773976423682,0.25655103222985132
cosh-calibration,8.3695932420643242,4.7760637907870693,0.0099157361675424813,0.25644341502804441
cosh-calibration,8.4402001852073738,4.797329201784029,0.009780530616471609,0.25633736311935296
cosh-calibration,8.5114027774191197,4.8186193797724979,0.0096471331633263633,0.25623285958191155
cosh-calibration,8.583206043670156,4.8399340787057641,0.0095155199723287922,0.25612988750487559
cosh-calibration,8.6556150513223624,4.8612730542618179,0.0093856675270654038,0.2560284299992967
cosh-calibration,8.7286349104865213,4.8826360638397901,0.009257552625815145,0.25592847020066528
cosh-calibration,8.8022707743829542,4.9040228665638335,0.0091311523769728835,0.25582999127457018
cosh-calibration,8.8765278397051972,4.9254332232851041,0.0090064441945289717,0.25573297642223008
cosh-calibration,8.9514113469867507,4.9468668965814704,0.0088834057936446175,0.2556374088825929
cosh-calibration,9.0269265809709101,4.9683236507554023,0.0087620151862888938,0.2555432719432586
cosh-calibration,9.1030788709837385,4.9898032518387723,0.0086422506769512509,0.25545054894357117
cosh-calibration,9.1798735913101606,5.0113054675863546,0.008524090858426819,0.25535922326951344
cosh-calibration,9.2573161615732467,5.03283006748382,0.0084075146076796788,0.25526927837282476
cosh-calibration,9.335412047116689,5.0543768227356534,0.0082925010817537989,0.25518069777109953
cosh-calibration,9.4141667593905112,5.0759455062731718,0.0081790297137802337,0.2550934650448895
cosh-calibration,9.4935858563400206,5.0975358927490593,0.008067080209025539,0.25500756384689083
cosh-calibration,9.5736749427980534,5.1191477585376788,0.0079566325410258959,0.25492297790345569
cosh-calibration,9.6544396708805209,5.1407808817299214,0.0078476669477709222,0.25483969102940768
cosh-calibration,9.7358857403852941,5.1624350421339953,0.0077401639279549971,0.25475768710627666
cosh-calibration,9.8180188991944615,5.1841100212731615,0.0076341042373028051,0.25467695011354063
cosh-calibration,9.9008449436799673,5.2058056023795647,0.0075294688849259902,0.25459746412366213
cosh-calibration,9.9843697191126779,5.2275215703946563,0.0074262391297748006,0.25451921328642585
cosh-calibration,10.068599120074898,5.2492577119654014,0.0073243964771250577,0.25444218185719431
cosh-calibration,10.153539090876391,5.2710138154399599,0.0072239226751278345,0.25436635418702036
cosh-calibration,10.239195625973833,5.2927896708650195,0.0071247997114202424,0.25429171473026058
cosh-calibration,10.32557477039393,5.3145850699817156,0.0070270098097842525,0.25421824804289567
cosh-calibration,10.412682620159952,5.3363998062209284,0.0069305354268688309,0.25414593878293518
cosh-calibration,10.500525322722037,5.3582336747006067,0.0068353592489575682,0.25407477172365045
cosh-calibration,10.58910907739094,5.3800864722205262,0.006741464188789026,0.25400473174493438
cosh-calibration,10.678440135775627,5.4019579972569129,0.0066488333824365189,0.2539358038373869
cosh-calibration,10.768524802224382,5.4238480499591111,0.0065574501862285771,0.25386797311105591
cosh-calibration,10.859369434269807,5.4457564321445631,0.0064672981737227625,0.25380122479054279
cosh-calibration,10.950980443077409,5.4676829472921051,0.0063783611327291288,0.25373554421477518
cosh-calibration,11.043364293898138,5.4896274005389358,0.0062906230623813487,0.25367091684415949
cosh-calibration,11.136527506524573,5.5115895986736358,0.0062040681702514554,0.25360732826429477
cosh-calibration,11.230476655751122,5.5335693501308825,0.006118680869511302,0.25354476418236166
cosh-calibration,11.325218371837952,5.5555664649853265,0.0060344457761413095,0.2534832104245982
cosh-calibration,11.42075934097898,5.5775807549469771,0.0059513477061827452,0.25342265294654293
cosh-calibration,11.517106305773652,5.5996120333549273,0.0058693716730284376,0.2533630778331617
cosh-calibration,11.61426606570288,5.6216601151681962,0.0057885028847636825,0.253304471288616
cosh-calibration,11.712245477608807,5.6437248169643075,0.0057087267415431332,0.25324681965322637
cosh-calibration,11.811051456178804,5.6658059569289945,0.0056300288330078628,0.25319010939436998
cosh-calibration,11.910690974433374,5.6879033548516844,0.0055523949357488885,0.25313432710657063
cosh-calibration,12.011171064218344,5.7100168321172831,0.0054758110108021427,0.25307945952278588
cosh-calibration,12.112498816701029,5.7321462116986801,0.0054002632011863217,0.25302549349623649
cosh-calibration,12.214681382870776,5.7542913181556363,0.0053257378294800104,0.25297241602038872
cosh-calibration,12.31772597404353,5.7764519776178433,0.0052522213954297988,0.2529202142241021
cosh-calibration,12.421639862370855,5.7986280177849094,0.0051797005736017015,0.25286887535717778
cosh-calibration,12.52643038135305,5.820819267919612,0.0051081622110641335,0.2528183868138596
cosh-calibration,12.632104926356799,5.843025558835298,0.0050375933251051086,0.2527687361188804
cosh-calibration,12.738670955136982,5.8652467228920591,0.0049679811009893217,0.25271991092674623
cosh-calibration,12.846135988363086,5.887482593988115,0.0048993128897417242,0.25267189903133702
cosh-calibration,12.954507610149864,5.9097330075515062,0.0048315762059695727,0.25262468835888913
cosh-calibration,13.063793468592671,5.9319978005345053,0.0047647587257135622,0.252578266964672
cosh-calibration,13.174001276307099,5.9542768114034068,0.0046988482843359214,0.25253262304503798
cosh-calibration,13.285138810973395,5.9765698801300431,0.0046338328744297335,0.25248774492711507
cosh-calibration,13.397213915885244,5.9988768481886048,0.0045697006437720143,0.25244362107069812
cosh-calibration,13.510234500503394,6.0211975585400141,0.0045064398932952738,0.25240024007056699
cosh-calibration,13.624208541013751,6.0435318556297348,0.0044440390750973878,0.2523575906524847
cosh-calibration,13.73914408089038,6.0658795853769831,0.0043824867904732083,0.25231566168187169
cosh-calibration,13.855049231463056,6.0882405951667771,0.0043217717879798345,0.25227444214413802
cosh-calibration,13.97193217248981,6.1106147338423709,0.0042618829615297168,0.25223392116634591
cosh-calibration,14.089801152734081,6.1330018516944156,0.0042028093485058076,0.25219408801080889
cosh-calibration,14.208664490546976,6.1554018004547242,0.0041445401279100553,0.25215493206174433
cosh-calibration,14.328530574454204,6.1778144332876597,0.0040870646185350986,0.2521164428374571
cosh-calibration,14.449407863748188,6.2002396047793153,0.0040303722771628976,0.25207860998435377
cosh-calibration,14.571304889084953,6.2226771709315329,0.0039744526967883395,0.25204142328199647
cosh-calibration,14.694230253086269,6.2451269891520678,0.0039192956048676852,0.25200487263999016
cosh-calibration,14.818192630946651,6.2675889182429696,0.003864890861592426,0.25196894809223352
cosh-calibration,14.943200771045703,6.290062818398158,0.0038112284581858433,0.25193363980185546
cosh-calibration,15.069263495565407,6.312548551187362,0.003758298515226586,0.25189893805788172
cosh-calibration,15.196389701112839,6.3350459795523815,0.0037060912809913252,0.25186483327886083
cosh-calibration,15.324588359347917,6.357554967796557,0.003654597129822159,0.25183131600437575
cosh-calibration,15.453868517616671,6.3800753815734046,0.0036038065605189873,0.25179837689663603
cosh-calibration,15.584239299589623,6.4026070878832702,0.0035537101947493988,0.25176600675010918
cosh-calibration,15.715709905905786,6.4251499550565132,0.0035042987754828944,0.25173419647557915
cosh-calibration,15.848289614821866,6.4477038527515527,0.0034555631654470558,0.25170293710553154
cosh-calibration,15.98198778286717,6.4702686519423356,0.0034074943456031781,0.25167221979679927
cosh-calibration,16.116813845503806,6.4928442249079321,0.0033600834136432761,0.25164203582496625
cosh-calibration,16.252777317792692,6.5154304452281799,0.0033133215825063033,0.25161237658414681
cosh-calibration,16.389887795064933,6.538027187767903,0.0032672001789170778,0.25158323358592966
cosh-calibration,16.52815495359912,6.5606343286735758,0.0032217106419416284,0.2515545984611765
cosh-calibration,16.667588551304089,6.5832517453613315,0.0031768445215631493,0.25152646295952191
cosh-calibration,16.808198428407682,6.6058793165081386,0.0031325934772764921,0.25149881893915105
cosh-calibration,16.949994508151082,6.6285169220417979,0.0030889492767045418,0.25147165837272101
cosh-calibration,17.092986797489257,6.651164443134129,0.0030459037942259701,0.25144497335273874
cosh-calibration,17.23718538779703,6.6738217621888687,0.0030034490096279135,0.2514187560848391
cosh-calibration,17.382600455581407,6.6964887628337353,0.0029615770067714371,0.25139299887869332
cosh-calibration,17.52924226319962,6.7191653299114922,0.0029202799722798278,0.25136769415321025
cosh-calibration,17.67712115958351,6.741851349470311,0.0028795501942377312,0.251342834446389
cosh-calibration,17.826247580969742,6.7645467087547901,0.0028393800609113808,0.25131841239523678
cosh-calibration,17.976632051636454,6.7872512961951248,0.0027997620594853562,0.25129442074423741
cosh-calibration,18.128285184645847,6.8099650014002684,0.0027606887748135357,0.25127085234945784
cosh-calibration,18.28121768259334,6.8326877151476868,0.0027221528881875698,0.25124770017046971
cosh-calibration,18.435440338362707,6.8554193293730314,0.0026841471761203804,0.25122495726722471
cosh-calibration,18.590964035887925,6.878159737162032,0.0026466645091479594,0.25120261679953176
cosh-calibration,18.747799750921139,6.9009088327423989,0.0026096978506428463,0.25118067203262262
cosh-calibration,18.905958551807398,6.9236665114720388,0.0025732402556445668,0.25115911633846444
cosh-calibration,19.065451600265629,6.9464326698313306,0.0025372848697042144,0.2511379431811181
cosh-calibration,19.226290152176492,6.9692072054127054,0.0025018249277457445,0.25111714611730601
cosh-calibration,19.388485558376612,6.9919900169160183,0.002466853752939752,0.25109671881392287
cosh-calibration,19.552049265459772,7.014781004131307,0.0024323647555906922,0.25107665502507259
cosh-calibration,19.716992816584586,7.0375800679375171,0.0023983514320418137,0.25105694860144973
cosh-calibration,19.883327852289284,7.0603871102886346,0.0023648073635893462,0.25103759349129939
cosh-calibration,20.051066111313069,7.0832020342063053,0.0023317262154136514,0.2510185837261672
cosh-calibration,20.220219431424706,7.1060247437717852,0.0022991017355233193,0.25099991343844258
cosh-calibration,20.390799750257781,7.1288551441132437,0.0022669277537100472,0.25098157685092609
cosh-calibration,20.562819106153352,7.1516931414014895,0.0022351981805197145,0.25096356826939048
cosh-calibration,20.736289639009353,7.1745386428367564,0.0022039070062349112,0.25094588209275531
cosh-calibration,20.91122359113751,7.1973915566423594,0.0021730482998697045,0.25092851280298595
cosh-calibration,21.087633308127145,7.2202517920567875,0.0021426162081780616,0.25091145497392298
cosh-calibration,21.265531239716619,7.2431192593190108,0.0021126049546727225,0.25089470326269314
cosh-calibration,21.444929940671766,7.2659938696670165,0.0020830088386589083,0.2508782524035878
cosh-calibration,21.625842071672089,7.2888755353243013,0.0020538222342779446,0.25086209722401154
cosh-calibration,21.808280400204101,7.3117641694933351,0.0020250395895625006,0.25084623262792649
cosh-calibration,21.99225780146249,7.3346596863435138,0.0019966554255058475,0.2508306536010802
cosh-calibration,22.177787259258725,7.3575620010067784,0.0019686643351392035,0.25081535520616077
cosh-calibration,22.364881866937271,7.3804710295650375,0.0019410609826241776,0.25080033258673928
cosh-calibration,22.553554828299781,7.4033866890459405,0.0019138401023526975,0.25078558096773784
cosh-calibration,22.743819458536763,7.4263088974079832,0.0018869964980608449,0.25077109564226902
cosh-calibration,22.93568918516743,7.4492375735381886,0.0018605250419523806,0.25075687198939739
cosh-calibration,23.129177548987158,7.472172637238053,0.0018344206738321112,0.2507429054572981
cosh-calibration,23.324298205023258,7.4951140092220196,0.0018086784002519412,0.25072919155961054
cosh-calibration,23.521064923498493,7.5180616111010794,0.0017832932936667507,0.25071572589892122
cosh-calibration,23.719491590803045,7.5410153653783993,0.0017582604915976658,0.25070250413712641
cosh-calibration,23.919592210474342,7.5639751954419578,0.0017335751958114907,0.25068952200927086
cosh-calibration,24.121380904185507,7.5869410255543253,0.0017092326715033301,0.25067677532817634
cosh-calibration,24.324871912741795,7.6099127808422597,0.0016852282464947562,0.25066425996322694
cosh-calibration,24.53007959708577,7.6328903872955243,0.0016615573104389026,0.2506519718541575
cosh-calibration,24.737018439310631,7.6558737717507004,0.0016382153140357919,0.25063990701100303
cosh-calibration,24.945703043682428,7.6788628618877208,0.0016151977682569529,0.25062806151093869
cosh-calibration,25.156148137670549,7.7018575862180727,0.0015925002435806712,0.25061643149352408
cosh-calibration,25.368368572987261,7.7248578740824989,0.0015701183692347451,0.25060501315990108
cosh-calibration,25.58237932663566,7.7478636556376985,0.0015480478324500638,0.25059380277584187
cosh-calibration,25.798195501966813,7.7708748618484664,0.001526284377722395,0.25058279666842076
cosh-calibration,26.015832329745464,7.793891424484487,0.0015048238060836499,0.25057199122998347
cosh-calibration,26.235305169225114,7.8169132761070657,0.001483661974380575,0.25056138291097535
cosh-calibration,26.45662950923175,7.8399403500632774,0.0014627947945649639,0.25055096821472994
cosh-calibration,26.679820969257161,7.8629725804810002,0.0014422182329898875,0.25054074370946539
cosh-calibration,26.904895300561023,7.8860099022552372,0.0014219283097157136,0.25053070602304933
cosh-calibration,27.131868387282736,7.9090522510453782,0.0014019210978238792,0.25052085183704331
cosh-calibration,27.360756247562183,7.9320995632655835,0.0013821927227400574,0.25051117788522248
cosh-calibration,27.591575034670416,7.9551517760767663,0.0013627393615649054,0.25050168096262221
cosh-calibration,27.824341038149402,7.9782088273808975,0.0013435572424120848,0.25049235791658175
cosh-calibration,28.059070684961842,8.0012706558114211,0.0013246426437561662,0.25048320564339793
cosh-calibration,28.295780540650256,8.0243372007268956,0.0013059918937871405,0.25047422109899198
cosh-calibration,28.534487310506282,8.0474084022031285,0.0012876013697728096,0.25046540128578249
cosh-calibration,28.775207840749388,8.0704842010256126,0.0012694674974299614,0.25045674325942419
cosh-calibration,29.017959119715989,8.0935645386826458,0.0012515867503014358,0.25044824412496114
cosh-calibration,29.262758279058126,8.1166493573590444,0.0012339556491430723,0.25043990103825209
cosh-calibration,29.509622594952738,8.1397385999271812,0.0012165707613153846,0.25043171120774504
cosh-calibration,29.758569489320642,8.1628322099397082,0.0011994287001852143,0.25042367187275255
cosh-calibration,30.009616531056309,8.1859301316239392,0.0011825261245337895,0.25041578033628414
cosh-calibration,30.262781437267478,8.2090323098754787,0.0011658597379703328,0.25040803395037764
cosh-calibration,30.518082074525779,8.2321386902489824,0.0011494262883554249,0.25040043010000201
cosh-calibration,30.775536460127363,8.2552492189501621,0.0011332225672299179,0.25039296622035462
cosh-calibration,31.035162763364674,8.2783638428334356,0.0011172454092511985,0.25038563979168904
cosh-calibration,31.296979306808495,8.3014825093909295,0.0011014916916359573,0.25037844833892292
cosh-calibration,31.561004567601231,8.3246051667482135,0.0010859583336103309,0.25037138942651149
cosh-calibration,31.827257178760664,8.3477317636567268,0.0010706422958663771,0.25036446066113466
cosh-calibration,32.095755930495201,8.3708622494862812,0.0010555405800256226,0.25035765969506241
cosh-calibration,32.366519771529674,8.3939965742185905,0.0010406502281079767,0.25035098422252339
cosh-calibration,32.639567810442884,8.4171346884419478,0.0010259683220089175,0.25034443196901413
cosh-calibration,32.914919317015872,8.4402765433436819,0.0010114919829821505,0.25033800070409057
cosh-calibration,33.192593723592111,8.4634220907041051,0.00099721837112798275,0.25033168824059049
cosh-calibration,33.472610626448649,8.4865712828913491,0.00098314468488919292,0.2503254924253584
cosh-calibration,33.754989787179319,8.50972407284962,0.00096926816055255402,0.25031941114081541
cosh-calibration,34.039751134089123,8.5328804141004735,0.00095558607175605544,0.25031344231049713
cosh-calibration,34.326914763600882,8.5560402607314821,0.00094209572900289483,0.25030758389657382
cosh-calibration,34.616500941673245,8.5792035673924403,0.00092879447918098833,0.25030183388914323
cosh-calibration,34.908530105231179,8.6023702892868776,0.00091567970508881467,0.25029619031613182
qcd-like,0.20400000000000001,0.20817787168576429,900686071.28808951,0.33331992288504964
qcd-like,0.20600000000000002,0.21030712780359626,788070492.62843919,0.33331962533979076
qcd-like,0.20800000000000002,0.21243908678885209,690426049.54215753,0.33331932347005078
qcd-like,0.21000000000000002,0.21457378091414889,605646240.61765683,0.33331901722725943
qcd-like,0.21200000000000002,0.21671124264643801,531937019.66067123,0.33331870656184898
qcd-like,0.21400000000000002,0.21885150464989536,467768109.44729376,0.33331839142350012
qcd-like,0.21600000000000003,0.22099459978885072,411832259.89357877,0.3333180717609176
qcd-like,0.21800000000000003,0.22314056113073824,363011096.87462157,0.33331774752189147
qcd-like,0.22,0.22528942194911272,320346448.23154855,0.33331741865333842
qcd-like,0.222,0.22744121572668188,283016229.47647417,0.33331708510127345
qcd-like,0.224,0.22959597615836777,250314131.82610011,0.33331674681063922
qcd-like,0.22600000000000001,0.23175373715442374,221632486.26769701,0.33331640372547866
qcd-like,0.22800000000000001,0.23391453284360686,196447784.85269126,0.33331605578891033
qcd-like,0.23000000000000001,0.23607839757635482,174308428.72503445,0.33331570294288271
qcd-like,0.23200000000000001,0.23824536592800083,154824345.0734458,0.33331534512847322
qcd-like,0.23400000000000001,0.2404154727020871,137658175.11969769,0.33331498228571055
qcd-like,0.23600000000000002,0.24258875293367063,122517784.74278288,0.33331461435345711
qcd-like,0.23800000000000002,0.24476524189265295,109149890.27698392,0.33331424126956744
qcd-like,0.24000000000000002,0.24694497508724242,97334625.943513945,0.33331386297081783
qcd-like,0.24200000000000002,0.24912798826736138,86880907.528441131,0.33331347939284373
qcd-like,0.24399999999999999,0.25131431742815868,77622470.322239548,0.3333130904701061
qcd-like,0.246,0.25350399881355351,69414478.820597783,0.33331269613605641
qcd-like,0.248,0.25569706891984373,62130621.932942189,0.33331229632278225
qcd-like,0.25,0.25789356449929984,55660621.013085723,0.33331189096120106
qcd-like,0.252,0.26009352256390111,49908089.373774908,0.33331147998120336
qcd-like,0.254,0.26229698038906518,44788691.451391459,0.33331106331119464
qcd-like,0.25600000000000001,0.26450397551740612,40228557.758986317,0.33331064087841894
qcd-like,0.25800000000000001,0.26671454576264786,36162918.462109208,0.33331021260888333
qcd-like,0.26000000000000001,0.26892872921344624,32534924.044338379,0.33330977842716375
qcd-like,0.26200000000000001,0.27114656423737832,29294626.273550432,0.33330933825661058
qcd-like,0.26400000000000001,0.27336808948496721,26398096.681308273,0.33330889201914532
qcd-like,0.26600000000000001,0.27559334389369783,23806663.147077907,0.33330843963530926
qcd-like,0.26800000000000002,0.2778223666921884,21486248.036676995,0.33330798102420439
qcd-like,0.27000000000000002,0.28005519740432228,19406793.764140978,0.33330751610356874
qcd-like,0.27200000000000002,0.28229187585354193,17541763.697654307,0.33330704478965806
qcd-like,0.27400000000000002,0.28453244216710272,15867708.071687004,0.33330656699713174
qcd-like,0.27600000000000002,0.28677693678045835,14363886.0475417,0.33330608263920242
qcd-like,0.27800000000000002,0.28902540044167829,13011936.324025689,0.33330559162758128
qcd-like,0.28000000000000003,0.29127787421596857,11795589.772976624,0.33330509387224611
qcd-like,0.28200000000000003,0.2935343994901633,10700418.489647187,0.33330458928163187
qcd-like,0.28400000000000003,0.29579501797743074,9713616.4295239039,0.33330407776265453
qcd-like,0.28600000000000003,0.29805977172191211,8823807.4713832792,0.33330355922038613
qcd-like,0.28800000000000003,0.30032870310348536,8020877.3182777725,0.33330303355817265
qcd-like,0.29000000000000004,0.30260185484261076,7295826.1381947733,0.33330250067772726
qcd-like,0.29200000000000004,0.30487927000526321,6640639.2664684001,0.33330196047896998
qcd-like,0.29400000000000004,0.30716099200787583,6048173.6529811108,0.33330141285990628
qcd-like,0.29600000000000004,0.30944706462236649,5512058.0474658227,0.33330085771678986
qcd-like,0.29800000000000004,0.31173753198137372,5026605.1832273211,0.33330029494391189
qcd-like,0.30000000000000004,0.3140324385833429,4586734.4495970821,0.33329972443374251
qcd-like,0.30200000000000005,0.31633182929791553,4187903.7417615629,0.33329914607671707
qcd-like,0.30400000000000005,0.31863574937126193,3826049.3477911446,0.33329855976117673
qcd-like,0.30599999999999999,0.32094424443150604,3497532.8806011397,0.33329796537361711
qcd-like,0.308,0.32325736049432535,3199094.3904972915,0.33329736279835076
qcd-like,0.31,0.32557514396854076,2927810.9046967635,0.33329675191737679
qcd-like,0.312,0.32789764166182817,2681059.7361713736,0.33329613261092023
qcd-like,0.314,0.33022490078657096,2456485.9873887277,0.33329550475673075
qcd-like,0.316,0.33255696896567305,2251973.7467818414,0.33329486823019433
qcd-like,0.318,0.3348938942386141,2065620.5385567802,0.33329422290466848
qcd-like,0.32000000000000001,0.33723572506755084,1895714.6410582073,0.33329356865097171
qcd-like,0.32200000000000001,0.33958251034341325,1740714.9364418783,0.33329290533757361
qcd-like,0.32400000000000001,0.34193429939228237,1599232.9958196436,0.33329223283046761
qcd-like,0.32600000000000001,0.34429114198172617,1470017.1401563678,0.33329155099316032
qcd-like,0.32800000000000001,0.34665308832730524,1351938.2487183399,0.33329085968659239
qcd-like,0.33000000000000002,0.34902018909911914,1243977.1144061594,0.33329015876897189
qcd-like,0.33200000000000002,0.3513924954285868,1145213.169376072,0.3332894480960969
qcd-like,0.33400000000000002,0.35377005891520547,1054814.4254151473,0.33328872752089062
qcd-like,0.33600000000000002,0.35615293163349021,972028.4919801869,0.33328799689339289
qcd-like,0.33800000000000002,0.3585411661400093,896174.55097236345,0.33328725606100129
qcd-like,0.34000000000000002,0.36093481548054418,826636.18149885361,0.33328650486803657
qcd-like,0.34200000000000003,0.36333393319733226,762854.94031612214,0.33328574315597564
qcd-like,0.34400000000000003,0.36573857333655513,704324.61458246864,0.33328497076324354
qcd-like,0.34599999999999997,0.36814879045574228,650586.07315877255,0.33328418752512529
qcd-like,0.34799999999999998,0.37056463963152125,601222.65115217387,0.33328339327371476
qcd-like,0.34999999999999998,0.37298617646730342,555856.00984333258,0.33328258783797132
qcd-like,0.35199999999999998,0.37541345710130253,514142.42069811659,0.33328177104349643
qcd-like,0.35399999999999998,0.37784653821448611,475769.42794987012,0.33328094271251035
qcd-like,0.35599999999999998,0.38028547703880994,440452.84934277803,0.33328010266382585
qcd-like,0.35799999999999998,0.38273033136552648,407934.07913515053,0.33327925071263365
qcd-like,0.35999999999999999,0.38518115955369536,377977.66144454299,0.33327838667064119
qcd-like,0.36199999999999999,0.38763802053872237,350369.10553950339,0.33327751034584302
qcd-like,0.36399999999999999,0.390100973841215,324912.91779991909,0.33327662154240062
qcd-like,0.36599999999999999,0.39257007957585194,301430.82782826415,0.33327572006061057
qcd-like,0.36799999999999999,0.39504539846047243,279760.18864016305,0.3332748056969464
qcd-like,0.37,0.39752699182532919,259752.53303162302,0.33327387824387755
qcd-like,0.372,0.40001492162246993,241272.27014486547,0.33327293748949677
qcd-like,0.374,0.40250925043532787,224195.50796342248,0.33327198321792689
qcd-like,0.376,0.40501004148847231,208408.9889852863,0.33327101520902619
qcd-like,0.378,0.4075173586574844,193809.12767285565,0.33327003323800669
qcd-like,0.38,0.41003126647911942,180301.13947885134,0.33326903707576394
qcd-like,0.38200000000000001,0.41255183016152397,167798.25231640556,0.33326802648852105
qcd-like,0.38400000000000001,0.4150791155947447,156220.99229347889,0.33326700123772529
qcd-like,0.38600000000000001,0.41761318936132535,145496.53638023674,0.33326596108020234
qcd-like,0.38800000000000001,0.42015411874728342,135558.12543473588,0.33326490576755596
qcd-like,0.39000000000000001,0.42270197175299656,126344.53168753473,0.33326383504646573
qcd-like,0.39200000000000002,0.42525681710458862,117799.57538857839,0.33326274865857497
qcd-like,0.39400000000000002,0.42781872426535028,109871.68585855435,0.33326164634004496
qcd-like,0.39600000000000002,0.43038776344740981,102513.50266817446,0.33326052782164606
qcd-like,0.39800000000000002,0.43296400562365406,95681.513099638323,0.33325939282857386
qcd-like,0.40000000000000002,0.43554752253979079,89335.722429855712,0.33325824108060575
qcd-like,0.40200000000000002,0.43813838672677613,83439.353920168098,0.33325707229133045
qcd-like,0.40400000000000003,0.4407366715133571,77958.575706513162,0.33325588616852969
qcd-like,0.40600000000000003,0.44334245103887637,72862.252061090214,0.33325468241401629
qcd-like,0.40800000000000003,0.44595580026639803,68121.716745334052,0.33325346072315709
qcd-like,0.41000000000000003,0.44857679499593145,63710.566396989037,0.33325222078505745
qcd-like,0.41200000000000003,0.45120551187806912,59604.472094506469,0.33325096228223483
qcd-like,0.41400000000000003,0.45384202842785348,55781.007421922899,0.33324968489045415
qcd-like,0.41600000000000004,0.45648642303879122,52219.49151918097,0.33324838827859482
qcd-like,0.41800000000000004,0.45913877499725175,48900.845748323161,0.33324707210869559
qcd-like,0.42000000000000004,0.46179916449721159,45807.462736926675,0.33324573603526852
qcd-like,0.42200000000000004,0.46446767265508115,42923.086677995227,0.33324437970552495
qcd-like,0.42400000000000004,0.46714438152503834,40232.703871650963,0.33324300275928809
qcd-like,0.42600000000000005,0.46982937411446413,37722.442589685292,0.33324160482845055
qcd-like,0.42800000000000005,0.4725227343999383,35379.481430222557,0.33324018553688572
qcd-like,0.43000000000000005,0.4752245473432723,33191.965407590906,0.33323874450029578
qcd-like,0.43200000000000005,0.47793489890808133,31148.929092684288,0.33323728132628777
qcd-like,0.43400000000000005,0.48065387607657029,29240.226182520317,0.33323579561361649
qcd-like,0.43600000000000005,0.48338156686666872,27456.464934966283,0.33323428695219032
qcd-like,0.43800000000000006,0.48611806034964955,25788.948956353332,0.33323275492315391
qcd-like,0.44,0.48886344666782866,24229.622876530419,0.33323119909825244
qcd-like,0.442,0.49161781705298052,22771.022488234197,0.33322961903970588
qcd-like,0.44400000000000001,0.49438126384478631,21406.228965974529,0.33322801429997673
qcd-like,0.44600000000000001,0.4971538805098889,20128.826814340769,0.33322638442170871
qcd-like,0.44800000000000001,0.49993576166133519,18932.865227059468,0.33322472893711691
qcd-like,0.45000000000000001,0.50272700307819618,17812.82256663264,0.33322304736789571
qcd-like,0.45200000000000001,0.5055277017259846,16763.573700197507,0.3332213392252566
qcd-like,0.45400000000000001,0.50833795577705332,15780.359950698112,0.33321960400885881
qcd-like,0.45600000000000002,0.51115786463185708,14858.761443708519,0.33321784120729286
qcd-like,0.45800000000000002,0.51398752894027466,13994.671649546664,0.33321605029753831
qcd-like,0.46000000000000002,0.51682705062366352,13184.273937869388,0.33321423074435808
qcd-like,0.46200000000000002,0.51967653289732851,12424.019977845019,0.33321238200042297
qcd-like,0.46400000000000002,0.52253608029328258,11710.609831502581,0.33321050350567316
qcd-like,0.46600000000000003,0.52540579868376036,11040.973601012794,0.3332085946870752
qcd-like,0.46800000000000003,0.5282857953051241,10412.254502645954,0.33320665495837548
qcd-like,0.47000000000000003,0.53117617878221546,9821.7932510515366,0.33320468371959322
qcd-like,0.47200000000000003,0.53407705915332893,9267.1136474396408,0.33320268035658429
qcd-like,0.47400000000000003,0.53698854789578765,8745.9092742836965,0.33320064424093088
qcd-like,0.47600000000000003,0.53991075795188936,8256.0312074104168,0.33319857472933617
qcd-like,0.47800000000000004,0.54284380375562835,7795.4766638562787,0.33319647116324774
qcd-like,0.48000000000000004,0.54578780125988091,7362.3785107203776,0.33319433286851413
qcd-like,0.48200000000000004,0.54874286796426697,6954.9955664983463,0.33319215915479833
qcd-like,0.48400000000000004,0.55170912294350682,6571.7036320866446,0.33318994931524337
qcd-like,0.48600000000000004,0.55468668687671285,6210.9871938561637,0.33318770262603564
qcd-like,0.48800000000000004,0.55767568207691853,5871.4317459542717,0.33318541834573923
qcd-like,0.48999999999999999,0.56067623252165055,5551.7166833418514,0.33318309571519356
qcd-like,0.49199999999999999,0.56368846388396554,5250.608721045216,0.33318073395660808
qcd-like,0.49399999999999999,0.56671250356432434,4966.955798741642,0.33317833227305615
qcd-like,0.496,0.56974848072314621,4699.6814331151836,0.33317588984823926
qcd-like,0.498,0.57279652631405864,4447.7794834683273,0.33317340584568728
qcd-like,0.5,0.57585677311809003,4210.3092988557364,0.33317087940830331
qcd-like,0.502,0.57892935577841975,3986.391217558898,0.33316830965749328
qcd-like,0.504,0.58201441083616734,3775.2023920558313,0.33316569569285576
qcd-like,0.50600000000000001,0.5851120767668766,3575.9729147807552,0.33316303659147933
qcd-like,0.50800000000000001,0.58822249401787818,3387.9822219328948,0.3331603314073121
qcd-like,0.51000000000000001,0.59134580504662726,3210.5557543909636,0.33315757917017857
qcd-like,0.51200000000000001,0.59448215435988394,3043.0618564440897,0.33315477888532746
qcd-like,0.51400000000000001,0.59763168855378701,2884.9088945610201,0.33315192953293471
qcd-like,0.51600000000000001,0.60079455635499146,2735.5425798147835,0.33314903006677166
qcd-like,0.51800000000000002,0.60397090866272585,2594.4434788538392,0.33314607941393709
qcd-like,0.52000000000000002,0.60716089859193922,2461.1246994851144,0.33314307647382879
qcd-like,0.52200000000000002,0.6103646815174214,2335.1297380132296,0.33314002011706972
qcd-like,0.52400000000000002,0.61358241511902401,2216.0304764695979,0.3331369091852025
qcd-like,0.52600000000000002,0.61681425942807089,2103.4253187771578,0.33313374248947247
qcd-like,0.52800000000000002,0.62006037687474846,1996.9374557351807,0.33313051880963812
qcd-like,0.53000000000000003,0.62332093233698482,1896.2132494782718,0.33312723689362683
qcd-like,0.53200000000000003,0.62659609319009368,1800.9207287743745,0.33312389545602672
qcd-like,0.53400000000000003,0.62988602935808991,1710.7481871804575,0.33312049317708398
qcd-like,0.53600000000000003,0.6331909133660637,1625.4028766747792,0.33311702870209736
qcd-like,0.53800000000000003,0.63651092039399282,1544.6097899407127,0.33311350063985889
qcd-like,0.54000000000000004,0.639846228331722,1468.1105249871318,0.33310990756153092
qcd-like,0.54200000000000004,0.64319701783580596,1395.6622262613141,0.33310624799974525
qcd-like,0.54400000000000004,0.64656347238711775,1327.0365968448282,0.33310252044722211
qcd-like,0.54600000000000004,0.64994577835068346,1262.018976723479,0.33309872335533069
qcd-like,0.54800000000000004,0.65334412503658701,1200.4074824916711,0.33309485513297965
qcd-like,0.55000000000000004,0.65675870476253251,1142.0122041928216,0.3330909141452385
qcd-like,0.55200000000000005,0.66018971291822492,1086.6544553123967,0.33308689871184544
qcd-like,0.55400000000000005,0.66363734803134056,1034.1660722308459,0.33308280710563681
qcd-like,0.55600000000000005,0.66710181183518635,984.38875971238463,0.33307863755126227
qcd-like,0.55800000000000005,0.67058330933826216,937.17347925363549,0.33307438822353469
qcd-like,0.56000000000000005,0.67408204889565204,892.37987734591263,0.33307005724548261
qcd-like,0.56200000000000006,0.67759824228229493,849.87575091663052,0.33306564268700461
qcd-like,0.56400000000000006,0.68113210476829555,809.5365474116029,0.33306114256298153
qcd-like,0.56600000000000006,0.68468385519635866,771.24489716167136,0.33305655483139401
qcd-like,0.56800000000000006,0.68825371606104857,734.89017584461226,0.33305187739147618
qcd-like,0.57000000000000006,0.69184191359049652,700.36809500903075,0.33304710808165489
qcd-like,0.57200000000000006,0.6954486778304555,667.58031877056192,0.33304224467739613
qcd-like,0.57400000000000007,0.69907424273023122,636.43410492414921,0.33303728488913636
qcd-like,0.57600000000000007,0.70271884623158931,606.84196883937352,0.33303222636040458
qcd-like,0.57800000000000007,0.70638273035963994,578.72136862035484,0.33302706666493836
qcd-like,0.58000000000000007,0.71006614131664902,551.99441011777992,0.33302180330458225
qcd-like,0.58200000000000007,0.71376932957846273,526.58757047852498,0.33301643370656719
qcd-like,0.58400000000000007,0.71749254999333856,502.43143901002742,0.33301095522126806
qcd-like,0.58600000000000008,0.72123606188413913,479.46047422038203,0.33300536511917034
qcd-like,0.58800000000000008,0.7250001291530358,457.61277597441642,0.33299966058801361
qcd-like,0.59000000000000008,0.72878502038965298,436.82987177779535,0.33299383873034571
qcd-like,0.59200000000000008,0.73259100898183893,417.05651626968847,0.3329878965595412
qcd-like,0.59400000000000008,0.7364183732301729,398.24050306662065,0.3329818309975629
qcd-like,0.59600000000000009,0.74026739646565476,380.33248815857019,0.33297563887133652
qcd-like,0.59800000000000009,0.74413836717086546,363.28582411273425,0.33296931690871673
qcd-like,0.60000000000000009,0.74803157910470708,347.05640439029133,0.33296286173585471
qcd-like,0.60200000000000009,0.75194733143109416,331.60251712842097,0.33295626987263782
qcd-like,0.60400000000000009,0.75588592885125583,316.88470778345584,0.33294953772915764
qcd-like,0.60600000000000009,0.7598476817402563,302.86565007099995,0.33294266160171671
qcd-like,0.6080000000000001,0.76383290628745448,289.51002467700692,0.33293563766829459
qcd-like,0.6100000000000001,0.76784192464178891,276.78440524822338,0.33292846198414572
qcd-like,0.6120000000000001,0.77187506506073122,264.65715120342577,0.33292113047726785
qcd-like,0.6140000000000001,0.77593266206464506,253.09830693672365,0.33291363894379206
qcd-like,0.6160000000000001,0.7800150565955295,242.0795070128145,0.33290598304225127
qcd-like,0.61799999999999999,0.78412259618098379,231.57388698001617,0.33289815828914288
qcd-like,0.62,0.7882556351030886,221.55599945149592,0.33289016005281913
qcd-like,0.622,0.79241453457293898,212.00173512797622,0.33288198354791643
qcd-like,0.624,0.79659966291061746,202.88824845621366,0.33287362382960051
qcd-like,0.626,0.8008113957310099,194.19388763759852,0.33286507578675828
qcd-like,0.628,0.80505011613568145,185.89812871947538,0.33285633413584975
qcd-like,0.63,0.80931621491070604,177.98151351909473,0.33284739341420844
qcd-like,0.63200000000000001,0.8136100907318311,170.4255911461197,0.33283824797226602
qcd-like,0.63400000000000001,0.81793215037511124,163.21286290464576,0.33282889196639276
qcd-like,0.63600000000000001,0.82228280893574879,156.32673036952343,0.33281931935107761
qcd-like,0.63800000000000001,0.82666249005362913,149.75144644501066,0.33280952387049995
qcd-like,0.64000000000000001,0.83107162614650498,143.47206922576908,0.33279949905035411
qcd-like,0.64200000000000002,0.83551065865143026,137.47441849172489,0.33278923818834932
qcd-like,0.64400000000000002,0.83998003827377654,131.74503467886746,0.33277873434477795
qcd-like,0.64600000000000002,0.8444802252454835,126.27114017797749,0.33276798033288646
qcd-like,0.64800000000000002,0.84901168959180484,121.04060282256016,0.3327569687084001
qcd-like,0.65000000000000002,0.85357491140743447,116.04190143592551,0.33274569175868857
qcd-like,0.65200000000000002,0.85817038114244637,111.26409331542845,0.3327341414909708
qcd-like,0.65400000000000003,0.86279859989790464,106.69678353949251,0.33272230962079685
qcd-like,0.65600000000000003,0.8674600797326264,102.33009599004038,0.33271018755934695
qcd-like,0.65800000000000003,0.87215534398014871,98.154645989696178,0.33269776640005255
qcd-like,0.66000000000000003,0.87688492757766345,94.161514459181191,0.3326850369050795
qcd-like,0.66200000000000003,0.88164937740655247,90.342223506239208,0.33267198949038917
qcd-like,0.66400000000000003,0.88644925264564023,86.688713362768524,0.33265861421035731
qcd-like,0.66600000000000004,0.8912851251368531,83.193320591967449,0.33264490074240594
qcd-like,0.66800000000000004,0.89615757976512622,79.848757491998072,0.33263083836961554
qcd-like,0.67000000000000004,0.90106721485186791,76.648092627217707,0.33261641596247404
qcd-like,0.67200000000000004,0.9060146425635599,73.584732422083533,0.33260162196106041
qcd-like,0.67400000000000004,0.91100048933543265,70.652403756823887,0.33258644435466989
qcd-like,0.67600000000000005,0.91602539631166524,67.845137507611497,0.332570870661545
qcd-like,0.67800000000000005,0.92109001980209093,65.157252977369396,0.33255488790683163
qcd-like,0.67999999999999994,0.92619503175678564,62.583343166623244,0.33253848259939611
qcd-like,0.68199999999999994,0.93134112025886984,60.118260836750885,0.33252164070782547
qcd-like,0.68399999999999994,0.93652899003687584,57.757105320877251,0.33250434763471809
qcd-like,0.68599999999999994,0.94175936299711616,55.495210040259842,0.33248658818984728
qcd-like,0.68799999999999994,0.94703297877733394,53.328130686539282,0.33246834656143381
qcd-like,0.68999999999999995,0.95235059532253952,51.251634032534135,0.3324496062864602
qcd-like,0.69199999999999995,0.95771298948392092,49.261687336464036,0.33243035021875311
qcd-like,0.69399999999999995,0.96312095764243022,47.354448306543226,0.33241056049538203
qcd-like,0.69599999999999995,0.96857531635757999,45.526255594803658,0.33239021850142592
qcd-like,0.69799999999999995,0.97407690304331318,43.773619790833756,0.33236930483255811
qcd-like,0.69999999999999996,0.97962657667196074,42.093214887810078,0.33234779925519753
qcd-like,0.70199999999999996,0.98522521850734457,40.481870194809176,0.33232568066475027
qcd-like,0.70399999999999996,0.99087373286981617,38.936562670872263,0.33230292704138065
qcd-like,0.70599999999999996,0.99657304793279722,37.454409657726558,0.33227951540313305
qcd-like,0.70799999999999996,1.0023241165544579,36.032661989375349,0.33225542175588402
qcd-like,0.70999999999999996,1.0081279171448936,34.668697458035396,0.33223062104044537
qcd-like,0.71199999999999997,1.0139854545715214,33.360014617048748,0.33220508707731755
qcd-like,0.71399999999999997,1.0198977611040845,32.104226902516764,0.33217879250719279
qcd-like,0.71599999999999997,1.025865897401969,30.899057056436373,0.33215170872749611
qcd-like,0.71799999999999997,1.031890953545517,29.742331835092635,0.3321238058259845
qcd-like,0.71999999999999997,1.03797405011396,28.631976987371743,0.33209505250986987
qcd-like,0.72199999999999998,1.0441163393125741,27.56601248853751,0.33206541603010509
qcd-like,0.72399999999999998,1.0503190061515484,26.542548015812645,0.3320348621011267
qcd-like,0.72599999999999998,1.0565832696796627,25.559778652879825,0.3320033548158407
qcd-like,0.72799999999999998,1.0629103842756404,24.615980811128171,0.33197085655460512
qcd-like,0.72999999999999998,1.069301641000078,23.709508356163944,0.3319373278883806
qcd-like,0.73199999999999998,1.0757583690124992,22.838788928722916,0.33190272747577143
qcd-like,0.73399999999999999,1.0822819370557264,22.002320449742324,0.33186701195312757
qcd-like,0.73599999999999999,1.0888737550125771,21.198667799900711,0.33183013581766074
qcd-like,0.73799999999999999,1.095535275538889,20.426459664479964,0.3317920513019823
qcd-like,0.73999999999999999,1.102267995776872,19.684385534900919,0.3317527082408443
qcd-like,0.74199999999999999,1.1090734591538587,18.971192858756893,0.33171205392838093
qcd-like,0.74399999999999999,1.1159532572718334,18.285684330622217,0.3316700329653911
qcd-like,0.746,1.1229090318927626,17.626715316327424,0.33162658709712317
qcd-like,0.748,1.1299424770257709,16.993191403792256,0.33158165503793235
qcd-like,0.75,1.1370553411220756,16.384066073891304,0.33153517228441032
qcd-like,0.752,1.1442494293853944,15.798338485161389,0.33148707091557994
qcd-like,0.754,1.1515266062035294,15.235051366514472,0.33143727937785367
qcd-like,0.75600000000000001,1.1588887977101259,14.693289012418465,0.33138572225495988
qcd-like,0.75800000000000001,1.1663379944841983,14.172175375315421,0.33133232002016322
qcd-like,0.76000000000000001,1.1738762543965777,13.670872250322347,0.33127698877140271
qcd-like,0.76200000000000001,1.1815057056128422,13.188577547522074,0.33121963994509823
qcd-like,0.76400000000000001,1.1892285497628545,12.724523647412569,0.33116018000899061
qcd-like,0.76600000000000001,1.1970470652883316,12.27797583530162,0.33109851013213865
qcd-like,0.76800000000000002,1.2049636109799149,11.848230810674053,0.33103452582815962
qcd-like,0.77000000000000002,1.2129806297175283,11.43461526775752,0.33096811657156761
qcd-like,0.77200000000000002,1.2211006524262873,11.03648454371732,0.33089916538381969
qcd-like,0.77400000000000002,1.2293263022653973,10.653221331095644,0.33082754838587131
qcd-like,0.77600000000000002,1.2376602990636489,10.284234451292583,0.33075313431540831
qcd-like,0.77800000000000002,1.2461054640214122,9.9289576860470827,0.33067578400480929
qcd-like,0.78000000000000003,1.2546647246961695,9.5868486640430586,0.33059534981594518
qcd-like,0.78200000000000003,1.2633411202942284,9.2573877999087735,0.33051167502830009
qcd-like,0.78400000000000003,1.2721378072886229,8.9400772830250688,0.3304245931759407
qcd-like,0.78600000000000003,1.2810580653899992,8.6344401136872762,0.33033392732823852
qcd-like,0.78800000000000003,1.2901053038947705,8.3400191842976845,0.33023948930895913
qcd-like,0.79000000000000004,1.2992830684400607,8.056376403381039,0.33014107884803168
qcd-like,0.79200000000000004,1.3085950481971937,7.7830918603325827,0.33003848265860997
qcd-like,0.79400000000000004,1.3180450835365589,7.519763028914209,0.32993147343300439
qcd-like,0.79600000000000004,1.3276371742017676,7.266004007616103,0.32981980874887562
qcd-like,0.79800000000000004,1.3373754880330961,7.0214447950983105,0.32970322987562223
qcd-like,0.80000000000000004,1.3472643702848635,6.7857305990191241,0.32958146047190545
qcd-like,0.80200000000000005,1.3573083535841539,6.558521176640892,0.32945420516387897
qcd-like,0.80400000000000005,1.3675121685854379,6.3394902056872811,0.329321147988202
qcd-like,0.80600000000000005,1.3778807553770229,6.12832468400737,0.32918195068821132
qcd-like,0.80800000000000005,1.388419275704484,5.9247243566683609,0.3290362508478456
qcd-like,0.81000000000000005,1.399133126080516,5.728401169175088,0.32888365984330259
qcd-like,0.81200000000000006,1.4100279518572354,5.5390787455779869,0.32872376059360908
qcd-like,0.81400000000000006,1.4211096623469874,5.3564918902949259,0.32855610508790756
qcd-like,0.81600000000000006,1.4323844470832752,5.1803861125314556,0.32838021166368636
qcd-like,0.81800000000000006,1.4438587933249283,5.0105171722423245,0.32819556200808697
qcd-like,0.82000000000000006,1.4555395049183546,4.8466506466287109,0.32800159785004818
qcd-like,0.82200000000000006,1.4674337226411167,4.6885615162202283,0.32779771730580093
qcd-like,0.82400000000000007,1.4795489461673472,4.5360337696379291,0.32758327083898892
qcd-like,0.82600000000000007,1.4918930578090526,4.3888600261804482,0.32735755678795719
qcd-like,0.82800000000000007,1.504474348202596,4.246841175422662,0.32711981640709797
qcd-like,0.83000000000000007,1.5173015441334916,4.1097860330563538,0.32686922836364191
qcd-like,0.83200000000000007,1.530383838706965,3.9775110122451749,0.32660490262225661
qcd-like,0.83400000000000007,1.5437309241034016,3.8498398098034761,0.32632587363931309
qcd-like,0.83600000000000008,1.5573530271799065,3.7266031065487728,0.32603109277974357
qcd-like,0.83800000000000008,1.5712609482115043,3.6076382812115217,0.32571941985628489
qcd-like,0.84000000000000008,1.5854661031018022,3.4927891373231259,0.3253896136765132
qcd-like,0.84200000000000008,1.5999805694295748,3.3819056425358656,0.32504032146683121
qcd-like,0.84400000000000008,1.6148171367466164,3.2748436798630709,0.32467006702229134
qcd-like,0.84600000000000009,1.6299893615878984,3.1714648103605376,0.32427723741227849
qcd-like,0.84800000000000009,1.6455116277192186,3.071636046801387,0.3238600680434533
qcd-like,0.85000000000000009,1.6613992122076442,2.9752296379310139,0.32341662585226344
qcd-like,0.85200000000000009,1.6776683579798801,2.8821228629197115,0.32294479036700785
qcd-like,0.85400000000000009,1.6943363536164793,2.7921978356640573,0.32244223233901742
qcd-like,0.85600000000000009,1.711421621229912,2.7053413186212936,0.32190638959522522
qcd-like,0.8580000000000001,1.7289438133854953,2.6214445458967748,0.32133443971352854
qcd-like,0.8600000000000001,1.7469239201528191,2.5404030553393855,0.32072326906128412
qcd-like,0.8620000000000001,1.7653843875223461,2.4621165294392009,0.32006943766123991
qcd-like,0.8640000000000001,1.7843492485887338,2.3864886448640177,0.31936913927604005
qcd-like,0.8660000000000001,1.8038442690958938,2.3134269305124122,0.31861815600165905
qcd-like,0.8680000000000001,1.8238971091581082,2.2428426340143308,0.31781180655414198
qcd-like,0.87000000000000011,1.844537503220282,2.1746505966604994,0.3169448873158463
qcd-like,0.87200000000000011,1.8657974606111454,2.1087691368039954,0.31601160506020487
qcd-like,0.87400000000000011,1.8877114893656468,2.0451199418460102,0.31500550013139256
qcd-like,0.87600000000000011,1.9103168463567937,1.9836279689922747,0.31391935867369075
qcd-like,0.87800000000000011,1.9336538172053461,1.9242213550585272,0.31274511232873242
qcd-like,0.88000000000000012,1.9577660298866959,1.8668313357000228,0.31147372362686054
qcd-like,0.88200000000000012,1.9827008064770835,1.8113921745597723,0.31009505510014879
qcd-like,0.88400000000000012,2.0085095580425683,1.7578411029614343,0.30859771997910057
qcd-like,0.88600000000000012,2.0352482282738866,1.7061182709265079,0.30696891219842692
qcd-like,0.88800000000000012,2.0629777920920076,1.6561667104703479,0.30519421338287867
qcd-like,0.89000000000000012,2.0917648160688742,1.6079323123310909,0.30325737458621566
qcd-like,0.89200000000000013,2.121682088060544,1.5613638175060469,0.30114007088290334
qcd-like,0.89400000000000013,2.1528093238555983,1.5164128252169427,0.29882162762352504
qcd-like,0.89600000000000013,2.1852339587939986,1.4730338191824168,0.29627871846819515
qcd-like,0.89800000000000013,2.2190520319757274,1.4311842143389897,0.29348503748048088
qcd-like,0.90000000000000013,2.2543691695594186,1.3908244263913576,0.2904109510692503
qcd-like,0.90200000000000014,2.2913016713616541,1.3519179667430856,0.2870231409742553
qcd-like,0.90399999999999991,2.3299777007314675,1.3144315653959251,0.28328425764944937
qcd-like,0.90599999999999992,2.370538570658999,1.278335324184189,0.2791526154231842
qcd-like,0.90799999999999992,2.4131401078325609,1.2436029020554233,0.27458197811866436
qcd-like,0.90999999999999992,2.4579540590205498,1.2102117327315864,0.26952150812632425
qcd-like,0.91199999999999992,2.5051694780893046,1.178143272568017,0.26391598500946423
qcd-like,0.91399999999999992,2.5549939938194672,1.1473832721514978,0.25770644306219537
qcd-like,0.91599999999999993,2.6076548042104206,1.1179220582725062,0.25083143084123471
qcd-like,0.91799999999999993,2.663399167577905,1.0897548022107948,0.24322915626787797
qcd-like,0.91999999999999993,2.7224940603968237,1.0628817343536168,0.2348408385401638
qcd-like,0.92199999999999993,2.7852245454683309,1.0373082425173967,0.22561562142956745
qcd-like,0.92399999999999993,2.8518902479697146,1.0130447609139461,0.21551737324901873
qcd-like,0.92599999999999993,2.9227991924756473,0.99010631895874923,0.20453354552114281
qcd-like,0.92799999999999994,2.9982581591907982,0.96851157841440449,0.19268590818556441
qcd-like,0.92999999999999994,3.0785587564804571,0.94828115431555415,0.18004235052612139
qcd-like,0.93199999999999994,3.1639587095385195,0.92943501102152348,0.16672802302947093
qcd-like,0.93399999999999994,3.2546585804551209,0.91198878220029234,0.15293304820767212
qcd-like,0.93599999999999994,3.350775370549262,0.89594902014591415,0.13891324814651021
qcd-like,0.93799999999999994,3.452316133443381,0.88130765998102722,0.12498047647243773
qcd-like,0.93999999999999995,3.5591564337608621,0.86803636130047057,0.1114808381287023
qcd-like,0.94199999999999995,3.6710294090063775,0.85608175506388196,0.098762426824766394
qcd-like,0.94399999999999995,3.7875303960579285,0.84536278666142606,0.087138229813256737
qcd-like,0.94599999999999995,3.9081391106673458,0.8357711242279976,0.076852612317745206
qcd-like,0.94799999999999995,4.0322568930650915,0.8271749571848882,0.068059500841532283
qcd-like,0.94999999999999996,4.1592523349323516,0.81942564708803778,0.060816765063530842
qcd-like,0.95199999999999996,4.2885066095070341,0.8123659774518065,0.055096056575698375
qcd-like,0.95399999999999996,4.4194508375531143,0.80583848484156528,0.050803048416853715
qcd-like,0.95599999999999996,4.5515910402936077,0.79969259271579562,0.047801343579028377
qcd-like,0.95799999999999996,4.6845199629991905,0.79378981759842959,0.045934349673738412
qcd-like,0.95999999999999996,4.8179178494643802,0.78800689677947766,0.04504196008336233
qcd-like,0.96199999999999997,4.951545545740287,0.78223710325376239,0.044971435822303202
qcd-like,0.96399999999999997,5.08523333541853,0.77639021011420917,0.045583455748691139
qcd-like,0.96599999999999997,5.2188682178553174,0.77039158695925547,0.04675476616652266
qcd-like,0.96799999999999997,5.3523814434393229,0.76418083149261118,0.048378667821171152
qcd-like,0.96999999999999997,5.4857373225698192,0.75771022707822089,0.050364220520328844
qcd-like,0.97199999999999998,5.6189237426244141,0.75094321054303659,0.052634756526758732
qcd-like,0.97399999999999998,5.7519444605342196,0.74385295139837027,0.055126097065452656
qcd-like,0.97599999999999998,5.8848130395860752,0.73642108618307112,0.057784729339313889
qcd-like,0.97799999999999998,6.0175482119099035,0.72863661576267469,0.060566099071547731
qcd-like,0.97999999999999998,6.1501704274273399,0.72049495356571214,0.063433097868313582
qcd-like,0.98199999999999998,6.2826993637867155,0.71199710353542478,0.066354773147267551
qcd-like,0.98399999999999999,6.4151522003683468,0.70314894399788386,0.069305256615819058
qcd-like,0.98599999999999999,6.5475424916443883,0.69396059485681783,0.072262890356615442
qcd-like,0.98799999999999999,6.6798795054451316,0.68444584866272318,0.075209522437849424
qcd-like,0.98999999999999999,6.8121679179153052,0.67462165002840968,0.078129942754761414
qcd-like,0.99199999999999999,6.9444077784312137,0.66450761186355545,0.081011431837450062
qcd-like,0.99399999999999999,7.0765946750045901,0.65412556059023697,0.083843398775025654
qcd-like,0.996,7.2087200443982633,0.64349910567202973,0.08661708831970405
qcd-like,0.998,7.3407715819643995,0.63265323133268414,0.089325341011459697
qcd-like,1,7.4727337149584914,0.62161391025614565,0.091962393589804459
qcd-like,1.002,7.6045881100549009,0.61040774035160594,0.094523709898068825
qcd-like,1.004,7.7363141917276383,0.59906160642330897,0.097005834899700771
qcd-like,1.006,7.8678896530491498,0.58760236886357109,0.09940626640858026
qcd-like,1.008,7.9992909447580054,0.57605658139854177,0.10172334065476546
qcd-like,1.01,8.1304937320807795,0.56445023954531492,0.10395612900008881
qcd-like,1.012,8.261473311961927,0.55280856088516661,0.10610434396834649
qcd-like,1.014,8.3922049860668686,0.54115579760413157,0.10816825337574555
qcd-like,1.016,8.5226643871985104,0.52951508106936185,0.11014860177770573
qcd-like,1.018,8.6528277586241025,0.51790829755675594,0.11204653871134762
qcd-like,1.02,8.7826721873198679,0.50635599366430295,0.11386355334288768
qcd-like,1.022,8.9121757933615005,0.49487730946450781,0.11560141531828706
qcd-like,1.024,9.0413178782168,0.48348993707225041,0.11726212146526403
qcd-like,1.026,9.1700790358601179,0.47221010206604891,0.11884784812586111
qcd-like,1.028,9.2984412302249559,0.46105256503984926,0.12036090891137655
qcd-like,1.03,9.4263878431933819,0.45003064053442338,0.12180371746856043
qcd-like,1.032,9.5539036970419176,0.43915623063290193,0.1231787550055269
qcd-like,1.034,9.6809750551714178,0.42843987061778177,0.12448854216588946
qcd-like,1.036,9.8075896047923088,0.41789078425738663,0.12573561500711949
qcd-like,1.038,9.9337364246952369,0.4075169464648018,0.12692250457273468
qcd-like,1.04,10.059405941440014,0.39732515134122975,0.12805171975295582
qcd-like,1.042,10.184589876270548,0.38732108379738417,0.12912573317428699
qcd-like,1.044,10.309281185370697,0.37750939321411331,0.13014696963915218
qcd-like,1.046,10.433473995317335,0.36789376781961292,0.1311177969002304
qcd-like,1.048,10.557163535512512,0.35847700867535687,0.13204051839845571
qcd-like,1.05,10.680346069097968,0.34926110236489377,0.1329173678101464
qcd-like,1.052,10.80301882327444,0.34024729165429768,0.13375050503621361
qcd-like,1.054,10.925179920398612,0.33143614356352874,0.13454201345617872
qcd-like,1.056,11.046828310228237,0.32282761441906926,0.13529389833258701
qcd-like,1.0580000000000001,11.167963704116932,0.31442111158824076,0.13600808602171124
qcd-like,1.0600000000000001,11.288586511659757,0.30621555169730619,0.13668642400007039
qcd-like,1.0620000000000001,11.408697779894922,0.29820941522067801,0.13733068148478192
qcd-like,1.0640000000000001,11.528299135560015,0.29040079740688562,0.13794255052550733
qcd-like,1.0660000000000001,11.647392730376481,0.2827874555567646,0.13852364752519747
qcd-like,1.0680000000000001,11.765981189499726,0.27536685272798528,0.13907551503707968
qcd-like,1.0700000000000001,11.884067563191651,0.26813619796379856,0.13959962381295626
qcd-like,1.0720000000000001,12.001655281637406,0.26109248318247735,0.14009737500168432
qcd-like,1.0740000000000001,12.118748112942031,0.25423251687648368,0.14057010251694735
qcd-like,1.0760000000000001,12.235350124033145,0.24755295478675954,0.14101907545996542
qcd-like,1.0780000000000001,12.351465644609505,0.24105032772706061,0.14144550062186784
qcd-like,1.0800000000000001,12.467099233671489,0.23472106673473328,0.14185052496783609
qcd-like,1.0820000000000001,12.582255648900656,0.22856152573048982,0.14223523812756181
qcd-like,1.0840000000000001,12.696939818348026,0.22256800185707806,0.1426006750521116
qcd-like,1.0860000000000001,12.811156814220425,0.21673675367150871,0.14294781842394597
qcd-like,1.0880000000000001,12.924911829149655,0.2110640173625119,0.14327760104992282
qcd-like,1.0900000000000001,13.038210154209251,0.20554602114496817,0.14359090832580057
qcd-like,1.0920000000000001,13.151057158829884,0.20017899798687666,0.14388858052718012
qcd-like,1.0940000000000001,13.263458272437742,0.1949591968112675,0.14417141502906158
qcd-like,1.0960000000000001,13.375418967743764,0.18988289230758287,0.14444016842992577
qcd-like,1.0980000000000001,13.486944745562063,0.18494639347858957,0.14469555856473279
qcd-like,1.1000000000000001,13.598041121132738,0.18014605104006917,0.14493826640589144
qcd-like,1.1020000000000001,13.708713611838215,0.17547826378239215,0.14516893785429325
qcd-like,1.1040000000000001,13.818967726289591,0.17093948399472944,0.14538818542567186
qcd-like,1.1060000000000001,13.928808954668476,0.1665262220451231,0.14559658984966514
qcd-like,1.1080000000000001,14.038242760269208,0.16223505020191448,0.14579470159095204
qcd-like,1.1100000000000001,14.147274572110407,0.15806260577539338,0.14598304230939244
qcd-like,1.1120000000000001,14.255909778531541,0.15400559365154806,0.14616210628132584
qcd-like,1.1140000000000001,14.364153721606783,0.15006078828377564,0.14633236179284326
qcd-like,1.1160000000000001,14.472011692270819,0.14622503520260233,0.14649425251034209
qcd-like,1.1180000000000001,14.579488926005649,0.14249525209778732,0.14664819884253763
qcd-like,1.1200000000000001,14.686590598960253,0.13886842952245901,0.14679459928057567
qcd-like,1.1220000000000001,14.793321824411178,0.1353416312639153,0.14693383171049756
qcd-like,1.1240000000000001,14.899687649469366,0.13191199442172125,0.1470662546880902
qcd-like,1.1260000000000001,15.005693051988747,0.12857672922939142,0.14719220864957583
qcd-like,1.1280000000000001,15.111342937670788,0.12533311865270758,0.14731201704030122
qcd-like,1.1300000000000001,15.216642137376462,0.12217851779405366,0.14742598735438328
qcd-like,1.1320000000000001,15.321595404678622,0.11911035312942089,0.14753441204694287
qcd-like,1.1340000000000001,15.426207413766894,0.116126121601803,0.1476375693274932
qcd-like,1.1360000000000001,15.530482757730949,0.11322338959239238,0.14773572383300562
qcd-like,1.1380000000000001,15.634425947337697,0.11039979178867153,0.14782912716932972
qcd-like,1.1400000000000001,15.738041410363625,0.10765302996651907,0.1479180183539664
qcd-like,1.1420000000000001,15.841333491515783,0.10498087170168785,0.14800262418110785
qcd-like,1.1440000000000001,15.94430645295043,0.10238114902426959,0.14808315953525489
qcd-like,1.1460000000000001,16.04696447536331,0.099851757028386598,0.14815982768603439
qcd-like,1.1480000000000001,16.149311659579595,0.097390652447919779,0.14823282061599966
qcd-like,1.1500000000000001,16.251352028496434,0.094995852207871601,0.148302319396933
qcd-like,1.1520000000000001,16.35308952927522,0.092665431959819577,0.14836849464590313
qcd-like,1.1540000000000001,16.454528035572139,0.090397524608858471,0.14843150708659281
qcd-like,1.1560000000000001,16.555671349651746,0.088190318838529735,0.1484915081987028
qcd-like,1.1580000000000001,16.656523204228922,0.08604205763930578,0.14854864095660744
qcd-like,1.1599999999999999,16.757087263899752,0.083951036845413593,0.1486030406415571
qcd-like,1.1619999999999999,16.857367126053983,0.081915603684155375,0.14865483567641691
qcd-like,1.1639999999999999,16.957366321271433,0.079934155341110799,0.14870414846083224
qcd-like,1.1659999999999999,17.057088313156687,0.078005137544248385,0.1487510961612471
qcd-like,1.1679999999999999,17.156536497735665,0.076127043169262665,0.14879579141106997
qcd-like,1.1699999999999999,17.255714202478075,0.074298410868257808,0.14883834290002609
qcd-like,1.1719999999999999,17.354624685120744,0.072517823723380059,0.14887885581129776
qcd-like,1.1739999999999999,17.45327113246276,0.070783907926766351,0.14891743209563488
qcd-like,1.1759999999999999,17.551656659317217,0.069095331487939796,0.14895417057118751
qcd-like,1.1779999999999999,17.649784307821498,0.067450802969483567,0.1489891668460829
qcd-like,1.1799999999999999,17.747657047285028,0.065849070251734393,0.14902251308430872
qcd-like,1.1819999999999999,17.845277774722298,0.064288919326985244,0.14905429763694042
qcd-like,1.1839999999999999,17.942649316194061,0.062769173123614755,0.14908460457858003
qcd-like,1.1859999999999999,18.03977442899431,0.061288690360408501,0.14911351319933727
qcd-like,1.1879999999999999,18.136655804688285,0.059846364431228996,0.14914109751442908
qcd-like,1.1899999999999999,18.233296072892824,0.058441122320076956,0.14916742585205878
qcd-like,1.1919999999999999,18.329697805653026,0.057071923546542676,0.14919256057866778
qcd-like,1.194,18.425863522182365,0.055737759141431448,0.14921655802155193
qcd-like,1.196,18.521795693681788,0.05443765065239884,0.14923946861471793
qcd-like,1.198,18.61749674795454,0.053170649179208447,0.14926133728754934
qcd-like,1.2,18.712969073506851,0.051935834438200462,0.14928220408284762
qcd-like,1.202,18.808215022891488,0.050732313855448172,0.1493021049771055
qcd-like,1.204,18.903236915062738,0.049559221688060762,0.14932107284237933
qcd-like,1.206,18.998037036653894,0.048415718172917628,0.14933913848624006
qcd-like,1.208,19.092617642105274,0.047300988702193403,0.14935633169948975
qcd-like,1.21,19.18698095272002,0.046214243024929658,0.14937268223939151
qcd-like,1.212,19.281129154742718,0.045154714473936812,0.14938822069776828
qcd-like,1.214,19.375064396660786,0.04412165921724405,0.14940297919114673
qcd-like,1.216,19.468788785958861,0.043114355533424201,0.14941699185745819
qcd-like,1.218,19.562304385551322,0.042132103110019616,0.14943029513497622
qcd-like,1.22,19.655613210179833,0.041174222364426187,0.14944292781381321
qcd-like,1.222,19.7487172230108,0.04024005378651254,0.14945493086092909
qcd-like,1.224,19.841618332700534,0.039328957302375532,0.14946634702145256
qcd-like,1.226,19.934318391158055,0.038440311658561176,0.14947722020763554
qcd-like,1.228,20.02681919223491,0.037573513826191139,0.14948759469076583
qcd-like,1.23,20.119122471526449,0.036727978424373489,0.1494975141141032
qcd-like,1.232,20.211229907465299,0.035903137162390478,0.1495070203696113
qcd-like,1.234,20.303143123786931,0.035098438300089081,0.14951615240376412
qcd-like,1.236,20.394863693406666,0.034313346125987271,0.14952494501065641
qcd-like,1.238,20.48639314363712,0.03354734045258477,0.14953342771511732
qcd-like,1.24,20.577732962564632,0.032799916128426435,0.14954162384311012
qcd-like,1.242,20.668884606302711,0.03207058256639804,0.14954954987217597
qcd-like,1.244,20.75984950673276,0.031358863287864892,0.14955721516268206
qcd-like,1.246,20.850629079251501,0.030664295482082479,0.1495646221073211
